RatingID;BeerName;Brewery;Type;Origin;ABV;HowIDrank;TempIDrank;Taste;Aftertaste;MouthFeel;Rating;Notes;KeepReport;CheckManually;WhyCheckManually;Date;Rose Rating
1;Delirium Tremens;Huyghe Brewery;Strong Pale Ale;Belgium;8.5;Bottle at desk;Cool;Kind of odd;;Front;6;;1;0;;2014-11-01;
2;La Folie;New Belgium;Flanders Oud Bruin;Colorado;6;Glass at bar;Cool;A bit vinegary;;Front;7;;1;0;;2014-11-01;
3;Heavenly Hef;Craftsman;Hefeweizen;California;5.4;Glass at bar;Cool;A bit thin;;Front;6;Might be a bad pour;1;0;;2014-11-01;
4;1809 Berliner Weisse;Professor Fritz Briem;Berliner Weissbier;Germany;5;Bottle in bed;Cool;Uninteresting;Strange;Back;4;;1;0;;2014-11-01;
5;Blackbier;Bier Factory;Dry Stout;Switzerland;4.6;;;Very thin, rather unpleasant;;Front;2;;1;0;;2014-11-01;
6;Wartmanns No 3 Chocolate Stout;Brauhaus Sternen;Sweet Stout;Switzerland;7.7;Bottle just after Indian food;Cold;Flat,  extremely unpleasant sweetness;;;2;;1;0;;2014-11-01;
7;Hell;Waedenswiler;Helles Lager;Switzerland;4.8;Bottle;Cold;Unremarkable;;;6;;1;0;;2014-11-01;
8;Theakston Old Peculier;Theakston;Old Ale;England;5.6;Bottle, tired and sore,  standing;;Okay, a bit of fizz;Refreshing;Forward;8;;1;0;;2014-11-01;
9;Stadtguet Amber;Stadtguet Brewery;Amber Ale;Switzerland;4.8;Bottle at desk;Cold;Mild;Very refreshing;Full;7;;1;0;;2014-11-01;
10;Svyturys Ekstra Draught;Svyturys;Pale Lager;Lithuania;5.2;;;Nutty;;Forward;7;;1;0;;2014-11-01;
11;Strong Suffolk;Greene King Morland Brewery;Old Ale;England;6;Bottle, just ate;Cool;A bit sweet;;Full;7;;1;0;;2014-11-01;
12;La Fin du Monde;Unibroue;Tripel;Quebec;9;Bottle,  just ate;Cold;Nutty, very pleasant;;Slightly back;9;;1;0;;2014-11-01;
13;Rivale;Brasserie Trois Dames;Red Ale;Switzerland;4.8;Bottle with spicy food;Cold;Thin, not pleasant;;Forward;5;;1;0;;2014-11-01;
14;Svyturys Baltas Hefeweizen;Svyturys;Hefeweizen;Lithuania;5;Bottle at desk;Cool;Pleasant;;Full;8;;1;0;;2014-11-01;
15;Oude Geuze Boon;Boon Brewery;Gueze;Belgium;7;Bottle at desk;Cool;Very nice, not too strong;;Full;9;;1;0;;2014-11-01;
16;Bracia;Thornbridge Brewery;English Strong Ale;England;10;Bottle after dinner;Cool;Tasty, pretty strong;;Full;8;;1;0;;2014-11-01;
17;Mort Subite Gueuze;Alken-Maes Brewery;Gueze;Belgium;4.5;;;Rather flat, not distinctive;;;6;;1;0;;2014-11-01;
18;Ginger Beard;Wychwood Brewery;Ginger Beer;England;4.2;Bottle at home;Cold;Kind of off;Unpleasant;Forward;4;;1;0;;2014-11-01;
19;Cuvee des Trolls;Dubisson;Blond Ale;Belgium;7;Bottle at home;Cold;A bit odd;Strange;Forward;5;;1;0;;2014-11-01;
20;Velebitsko;Licanka;Munich Dunkel;Croatia;6;Bottle out hiking;Cool;Neutral;Slightly metallic;Full;6;;1;0;;2014-11-01;
21;Svijetlo;San Servolo;Lager;Croatia;5;In glass with friends;Cold;Bitter;Odd;Back;4;;1;0;;2014-11-01;
22;Trappist Bruin;Achel;Dubbel;Belgium;5;In glass at bar;Cold;Sweet but unpleasant;;;6;;1;0;;2014-11-01;
23;Vedett Extra White;Duvel Moortgat Brewery;Wit Beer;Belgium;4.7;In glass at bar;Cold;Orange;Odd;Full;7;;1;0;;2014-11-01;
24;Birra da Ris;Appenzeller;Rice Beer;Switzerland;5;Bottle at desk;Cool;Neutral, kind of pleasant;;Full;7;;1;0;;2014-11-01;
25;Duchesse de Bourgogne;Verhaeghe Vichte;Flanders Red Ale;Belgium;6.2;Bottle at desk;Cool;Proper amount of sweetness;Nice;Full;10;;1;0;;2014-11-01;
26;Trappistes Rochefort;Abbaye St. Remy;Trappist;Belgium;9.2;Bottle at desk;Cool;Nutty, not particularly great;;Full;6;;1;0;;2014-11-01;
27;Barbara;Eichhof;Specialbeer;Switzerland;6.5;Bottle at desk;Cool;Neutral;Neutral;Full;6;;1;0;;2014-11-01;
28;Zlatorog;Lasko Brewery;Pale Lager;Slovenia;4.9;Bottle at desk;Cold;Slightly metallic, not very distinguishing;;Front;4;;1;0;;2014-11-01;
29;Ch'ti Blonde;Castelain;Biere de Garde;France;6.4;Bottle after dinner;Cold;Fairly pleasant,  slight nut;Refreshing;Full;7;;1;0;;2014-11-01;
30;Quoellfrisch Hell;Brauerei Locher AG;Munich Helles Lager;Switzerland;4.8;Can;Cold;Neutral, but very drinkable;Refreshing;Not much;6;;1;0;;2014-11-01;
31;Rappigold;Bier Factory;Pale Ale;Switzerland;4.8;Bottle at desk;Cold;Slightly bitter, hoppy;Odd back of throat;Forward;6;;1;0;;2014-11-01;
32;Organic Cherry;Samuel Smith;Fruit Ale;England;5.1;Bottle at desk;Cool;A bit too sweet, but nice dessert, a bit thin. Medicinal;Refreshing;Forward;6;;1;0;;2014-11-01;
33;Organic Chocolate Stout;Samuel Smith;Chocolate Stout;England;5;Bottle at desk;Cold;Very smooth, a bit sweet but pleasant, chocolate and slightly nutty;Minimal;Full;8;;1;0;;2014-11-01;
34;Double Stout;Shepherd Neame;English Stout;England;5.2;Bottle at desk;Cold;Very smooth, nice nutty taste;Odd;Full;7;;1;0;;2014-11-01;
35;Estrella Damm Daura;Damm S.A.;Pale Lager;Spain;5.4;Bottle at party;Cold;Fizzy, a bit nutty;;Forward;6;;1;0;;2014-11-01;
36;Ambree des Brigands du Jorat;Basserie Antisanale du Jorat;Smoked Beer;Switzerland;6;;;Not particularly memorable;None;Forward;6;;1;0;;2014-11-01;
37;Tyskie Gronie;Kompania Piwowarska;Czech Pilsner;Poland;5.5;Bottle at desk,  tongue feel weird;Cold;Unpleasant taste;;Full;4;Might have been painful tongue;1;0;;2014-11-01;
38;Cuvee des Jacobins Rouge;Bockor Brewery;Flanders Red Ale;Belgium;5.5;Bottle at home;Cool;Very nice sour taste;Nice;Full;10;;1;0;;2014-11-01;
39;Monk's Wit;Abbey Beverage Company;Wit Beer;New Mexico;5.1;Glass with dinner;Cold;Odd, a bit thin;Metallic;Back;5;;1;0;;2014-11-01;
40;Pabst Blue Ribbon;Pabst Brewing Company;Pale Lager;California;5;Can with dinner;Cold;Neural;;Front;6;;1;0;;2014-11-01;
41;Coffee Stout;Sierra Nevada;Coffee Stout;California;6.2;Bottle at party;Cool;A bit hoppy;Slightly odd;Back;6;;1;0;;2014-11-01;
42;Kellerweis;Sierra Nevada;Hefeweizen;California;4.8;Bottle at party;Warm;Pretty strong;;Front;6;;1;0;;2014-11-01;
43;Negra Modelo;Grupo Modelo;Vienna Lager;Mexico;5.3;Bottle after spicy food;Cold;Carmelly;Not much;Full;7;;1;0;;2014-11-01;
44;Cuvee Alex Le Rouge;BFM;Imperial Stout;Switzerland;10.3;Bottle at desk;Cool;Odd carmel;Slightly metallic;Front;6;;1;0;;2014-11-03;
45;Trappist;Orval;Pale Ale;Belgium;6.2;Bottle at desk;Cool;Not a fan;;Front;5;;1;0;;2014-11-03;
46;Radieuse;Leffe;Strong Ale;Belgium;8.5;Bottle at desk;Cool;Carmelly, slightly sweet;;Full;8;;1;0;;2014-11-03;
47;Houblon Chouffe;Brasserie d'Achouffe;IPA;Belgium;9;Bottle at desk;Cool;Hoppy, but pleasant;Goes away quickly;Forward;8;;1;0;;2014-11-04;
48;Ichnusa;Heineken;Pale Lager;Italy;4.7;Bottle at desk,  eating spicy food;Cool;Unpleasant taste;Minimal;Front;4;;1;0;;2014-11-07;
49;Ursa Major;Craftsman;Flanders Oud Bruin;California;6.3;Glass after hike;Cool;Sweet but pleasant;Slightly vinegarry;Full;9;;1;0;;2014-11-02;
50;Chiswick Bitter;Fullers;English Bitter;England;3.5;Glass after hike;Cool;Thin, kind of unpleasant;Little;Full;4;;1;0;;2014-11-02;
51;Tsingtao;Tsingtao;Adjunct Lager;China;4.8;Bottle at dinner;Cool;Slightly metallic, mostly neutral;;Full;5;;1;0;;2014-11-07;
52;Singha;Boon Rawd Brewery;Pale Lager;Thailand;5;Bottle at dinner;Cool;Slightly nutty;;Front;7;;1;0;;2014-11-07;
53;Einkorn Edelbier;Reidenburger Brauhaus;Kellerbier;Germany;5;Bottle at desk;Cool;Very pleasant;;Full;8;;1;0;;2014-11-07;
54;1698;Shepherd Neame;Strong Ale;England;6.5;Bottle at desk;Cool;Full, kind of fizzy;Oak-y;Full;7;;1;0;;2014-11-07;
55;Maudite;Unibroue;Strong Dark Ale;Quebec;8;Bottle with spicy food;Cool;Sweetish;Fizzy;Full;8;;1;0;;2014-11-08;
56;Tannenzaepfle;Rothaus;German Pilsner;Germany;5.1;Bottle after spicy food;Cool;Mild, a bit grain-tasting;Fizzy;Forward;6;;1;0;;2014-11-08;
57;Warsteiner Premium German Beer;Warsteiner;German Pilsner;Germany;4.8;Can at desk;Cool;Pretty full;;Forward;7;;1;0;;2014-11-08;
58;Bier Paul 01;Brauerei Erusbacher & Paul;Helles Lager;Switzerland;5.2;Bottle at desk;Cool;Full, a little nutty;;Forward;6;;1;0;;2014-11-08;
59;Ruby;Leffe;Fruit Ale;Belgium;5;Bottle at desk;Cool;Sweet, raspberry, very nice balance;Sour raspberry;Forward;8;;1;0;;2014-11-08;
60;Namaste;Dogfish Head;Wit Beer;Delaware;5;Bottle at desk;Cool;Tastes a little muted;;Full;6;;1;0;;2014-11-09;
61;Koenig Ludwig Weissbier;Warsteiner;Dunkelweisen;Germany;5.5;Bottle at desk;Cool;Quite pleasant, a bit carmelly;;Forward;8;;1;0;;2014-11-09;
62;Bush Ambree;Brasserie Dubuisson;Strong Pale Ale;Belgium;12;Bottle at desk;Cool;Strong, rich taste;;Forward;8;;1;0;;2014-11-09;
63;Bad Attitude Hipster;Birrificio Ticinese;Double Pilsner;Switzerland;7.6;Bottle at desk;Cool;Very fizzy, a bit sweet;;Full;7;;1;0;;2014-11-09;
64;Old Engine Oil;Harviestoun Brewery;English Porter;Scotland;6;Bottle with spicy food;Cool;Very full, slightly chocolatey;;Forward;7;;1;0;;2014-11-09;
65;Aventinus Eisbock;Schneider & Sohn;Eisbock;Germany;12;Bottle at desk;Cool;Lots of flavor, interesting spices, sweetish;A bit weird;Forward;8;;1;0;;2014-11-09;
66;Tripel;Leffe;Tripel;Belgium;8.5;Bottle at desk;Cool;Fairly hoppy;;Forward;6;;1;0;;2014-11-10;
67;Oatmeal Stout;Samuel Smith;Oatmeal Stout;England;5;Bottle at desk;Cool;Very rich, pleasant;Coffee, malty;Forward;8;;1;0;;2014-11-10;
68;Vieille Cuvee;Leffe;Strong Dark Ale;Belgium;8.2;Bottle at desk;Cool;Kind of plain, not very interesting;;Forward;6;;1;0;;2014-11-11;
69;Peja Original/Pilsner;Birra Peja;German Pilsner;Kosovo;4.2;Bottle at desk;Cool;Not much, insubstantial;;Tongue;5;;1;0;;2014-11-11;
70;Birra Moretti;Birra Moretti;Pale Lager;Italy;4.6;Bottle at desk;Cool;Refreshing, nice taste;;Front;7;;1;0;;2014-11-11;
71;Peroni Nastro Azzurro;Birra Peroni;Pale Lager;Italy;5.1;Bottle at desk;Cool;A little off, slight sweet edge;;Front;5;;1;0;;2014-11-11;
72;Brauderei Schloss Eggenberg;Samichlaus Classic Bier;Doppelbock;Austria;;Bottle at desk;Cool;Overly sweet, very alcoholic;Unpleasant;Front;4;;1;0;;2014-11-13;
73;Organic Pale Ale;Samuel Smith;Pale Ale;England;5;Bottle at desk;Cool;Nutty but a bit thin;Not great;Front;6;;1;0;;2014-11-14;
74;Erdinger Weissbier;Erdinger Weissbrau;Hefeweizen;Germany;5.3;Bottle with pizza;Semi-warm;Tastes a bit off;;Full;6;;1;0;;2014-11-12;
75;Feldschlossen Original Lager;Feldschlossen Beverages Group;Pale Lager;Switzerland;4.8;Can at party;Cool;Meh;;;5;;1;0;;2014-11-13;
76;Taddy Porter;Samuel Smith;English Porter;England;5;Bottle at desk;Cool;Pretty rich;;Full;8;;1;0;;2014-11-14;
77;Benno;Stift Engelszell;Saison Ale;Austria;6.9;Bottle at desk;Cool;Sweet, kind of full;;Forward;7;;1;0;;2014-11-14;
78;Blanche de Namur;Brasserie Du Bocq;Wit Beer;Belgium;4.5;Can at desk;Cool;Very pleasant, fruity;Orange, but a little odd;Tongue;8;;1;0;;2014-11-15;
79;Zipfer Original;Brauerei Zipf;Pale Lager;Austria;5.4;Can at desk;Cool;Very light, nice to drink;;Forward;8;;1;0;;2014-11-15;
80;Biere;Drinks of the World;Pale Lager;Switzerland;5;Glass at desk;Cool;Pretty bad, tastes like cheap beer;;Forward;3;;1;0;;2014-11-15;
81;Carling Lager;Coors UK;Pale Lager;England;4.9;Can at desk;Cool;Watery, not much taste;;Front;4;;1;0;;2014-11-15;
82;Schnuggebock Bier;Brauerei Locher AG;Spiced Beer;Switzerland;5.2;Bottle at desk;Cool;Sweet, kind of an odd edg, but not bad;;Forward;6;;1;0;;2014-11-15;
83;Chimay Red Premiere;Chimay;Dubbel;Belgium;7;Bottle at desk;Cool;Carmelly, tasty;;Forward;8;;1;0;;2014-11-15;
84;Chimay Tripel;Chimay;Tripel;Belgium;8;Bottle while cooking;Cool;Nutty, kind of strong;;Front;7;;1;0;;2014-11-16;
85;Blonde;Leffe;Pale Ale;Belgium;6.6;Bottle at desk;Cool;Mild, a little nutty;;Forward;7;;1;0;;2014-11-16;
86;Estrella Damm;Damm S.A.;Adjunct Lager;Spain;5.4;Bottle at desk;Cool;;;Forward;5;;1;0;;2014-11-17;
87;Super Bock;UNICER Uniao Cervejeira SA;Adjunct Lager;Portugal;5.2;Bottle at desk;Cool;A bit sharp, but pleasant;;Forward;7;;1;0;;2014-11-17;
88;Sagres;Sociedade Central de Cervejas;Adjunct Lager;Portugal;5;Bottle at desk;Cool;;;Forward;4;;1;0;;2014-11-17;
89;Casablanca/Casa Beer;Brasseries Du Maroc;Pale Lager;Morocco;5;Bottle at desk;Cool;;;Forward;6;;1;0;;2014-11-17;
90;Jack Hammer IPA;BrewDog;IPA;Scotland;7.4;Bottle at desk;Cool;Very hoppy, okay otherwise;;Forward;6;;1;0;;2014-11-17;
91;Ziegelhof Goldbrau;Eichhof;Pilsner;Switzerland;5.2;Bottle at desk;Cool;Kind of unpleasant, odd edge;;Forward;4;;1;0;;2014-11-17;
92;Banks Caribbean Lager/Banks Beer;Banks Breweries Ltd;Adjunct Lager;Barbados;4.7;Bottle at desk;Cool;Light taste, kind of refreshing;;Forward;7;;1;0;;2014-11-18;
93;Tennent's Super Strong Lager;Tennent Caledonian Breweries;Strong Lager;Scotland;;Can at desk;Cool;Boozy, not much flavor otherwise;;Forward;5;;1;0;;2014-11-18;
94;Cruzcampo;Grupo Cruzcampo SA;German Pilsner;Spain;4.8;Bottle at desk;Cool;Pretty sharp, unpleasant;;Forward;3;;1;0;;2014-11-18;
95;Chopfab Hell;Doppellau Brauwerkstatt;Blond Ale;Switzerland;5;Bottle at bed;Cool;Not too much taste, but okay;;Forward;6;;1;0;;2014-11-18;
96;Chopfab Trueeb;Doppellau Brauwerkstatt;Pale Ale;Switzerland;5.2;Bottle at bed;Cool;Sharp edge, hoppy;;Forward;6;;1;0;;2014-11-18;
97;Chopfab Dunkel;Doppellau Brauwerkstatt;Stout;Switzerland;4.5;Bottle while cooking;Cool;Not great, kind of off taste;;Forward;4;;1;0;;2014-11-19;
98;Bad Attitude Dude;Birrificio Ticinese;Double IPA;Switzerland;7.5;Can at desk;Cool;Very hoppy, hard to taste much otherwise, decent for an IPA;;Forward;7;;1;0;;2014-11-19;
99;Bad Attitude Kurt;Birrificio Ticinese;American Pale Ale;Switzerland;4.3;Can at desk;Cool;Rather unpleasant, very fizzy;;Forward;4;;1;0;;2014-11-19;
100;Kilkenny;Guinness Ltd.;Red Ale;Ireland;4.3;Bottle at desk;Cool;Kind of bland;;Forward;5;;1;0;;2014-11-19;
101;San Miguel Especial;San Miguel Fabricas;Pale Lager;Spain;5.4;Bottle with movie;Cool;Kind of sweet;;Full;7;;1;0;;2014-11-19;
102;Doppelleu Whisky Ale;Doppellau Brauwerkstatt;Smoked Ale;Switzerland;7.5;Bottle at desk;Cool;Weird smell, does taste like there's some whisky in there, odd;;Forward;5;;1;0;;2014-11-20;
103;Chopfab Amber;Doppellau Brauwerkstatt;Amber Ale;Switzerland;5.4;Bottle while cooking;Cool;Not my favorite, a bit strange;;Full;5;;1;0;;2014-11-20;
104;Winterbier;Feldschlossen Beverages Group;Strong Lager;Switzerland;5.5;Bottle at desk;Cool;A little fizzy, but rather nice. Nutty taste.;;Forward;8;;1;0;;2014-11-20;
105;Bio Lager;Feldschlossen Beverages Group;Pale Lager;Switzerland;4.8;Bottle at desk;Cool;Pretty thin, not great taste;Slightly metallic;Forward;4;;1;0;;2014-11-20;
106;Libertine Black Ale;BrewDog;Black Ale;Scotland;7.2;Bottle at desk;Cool;Quite hoppy;Oh the hops;Forward;5;;1;0;;2014-11-20;
107;Anker;SB SwissBeverage;Blond Ale;Switzerland;;Can at desk;Cool;Not great, mildly unpleasant;;Forward;5;;1;0;;2014-11-21;
108;Delirium Nocturnum;Huyghe Brewery;Pale Ale;Belgium;8.5;Bottle at desk;Cool;Strong, slight licorice taste;Leaves quickly;Forward;8;;1;0;;2014-11-21;
109;St. Galler Klosterbrau;Schutzengarten;Kellerbier;Switzerland;5.2;Bottle at desk;Cool;Carmelly, but a little off;;Full;6;;1;0;;2014-11-22;
110;St. Galler Landbier;Schutzengarten;Kellerbier;Switzerland;5;Bottle at desk;Cool;Not great, kind of off taste;;Forward;4;;1;0;;2014-11-22;
111;Tell;Heineken;Helles Lager;Switzerland;;Can at desk;Cool;Mmmm, cheap beer, thin;Unpleasant;Full;3;;1;0;;2014-11-22;
112;McEwan's Export;Wells and Young's;Scottish Ale;Scotland;4.5;Can at desk;Cool;A bit thin;Odd;Full;4;;1;0;;2014-11-22;
113;Hoegaarden Wit-Blanche;Hoegaarden Brewery;Wit Beer;Belgium;4.9;Bottle at desk;Cool;Sweet, but fizzy and a bit odd;;Full;6;;1;0;;2014-11-22;
114;Cerne Zamecke;Chodovar Brewery;Munich Dunkel;Czech Republic;4.2;Bottle at desk;Cool;A bit sweet, tastes a bit thin after a bit;;Full;6;;1;0;;2014-11-23;
115;Paulaner Hefe-Weissbier Naturtrueb;Paulaner Brewery;Hefeweizen;Germany;5.5;Can at desk;Cool;Light taste, not the best;;Forward;6;;1;0;;2014-11-23;
116;Affligem Blonde;Affligem Brewery;Pale Ale;Belgium;6.8;Bottle at desk;Cool;Kind of fizzy, odd edge;;Full;6;;1;0;;2014-11-24;
117;Goesser;Brau Union Oesterreich;Pale Lager;Austria;5.2;Bottle at desk;Cool;Not great;;Full;4;;1;0;;2014-11-24;
118;Duvel;Duvel Moortgat Brewery;Strong Pale Ale;Belgium;8.5;Bottle at desk;Cool;Strong, rich taste;A bit fizzy;Full;7;;1;0;;2014-11-25;
119;Edelbraeu;Heineken;German Pilsner;Switzerland;;Can at desk;Cool;Fairly light, a bit of an odd edge;;Full;5;;1;0;;2014-11-25;
120;Cardinal Speciale;Feldschlossen Beverages Group;Czech Pilsner;Switzerland;5.2;Can at desk;Cool;Fairly standard for a pils, like PBR;;Full;6;;1;0;;2014-11-25;
121;Guinness Special Export;Guinness Ltd.;Export Stout;Ireland;8;Bottle at desk;Cool;Very rich, malty;Fizzy, burnt;Forward;7;;1;0;;2014-11-25;
122;Hoegaarden Grand Cru;Hoegaarden Brewery;Strong Pale Ale;Belgium;8.7;Bottle at desk;Cool;Full, quite pleasant;Malty;Forward;8;;1;0;;2014-11-25;
123;Chodovar Prezident;Chodovar Brewery;Czech Pilsner;Czech Republic;5;Bottle at desk;Cool;Okay, a bit of fizz;;Forward;6;;1;0;;2014-11-26;
124;Turbinen Gold Sprint;Turbinenbraeu;Dortmunder;Switzerland;5.2;Bottle at desk;Cool;Unpleasant taste;;Forward;4;;1;0;;2014-11-26;
125;De Verboden Vrucht;Hoegaarden Brewery;Strong Ale;Belgium;8.5;Bottle at desk;Cool;Hoppy, kind of overwhelming;;Forward;5;;1;0;;2014-11-26;
126;Abbaye De Saint Bon-Chien;BFM;Biere de Garde;Switzerland;11;Glass at party;Cool;Sweet but an odd edge;;Full;7;;1;0;;2014-11-29;
127;Victorias Secret;Storm&Anchor;Saison Ale;Switzerland;6.1;Bottle at desk;Cool;Super hoppy, hard to taste anything else;;Forward;5;;1;0;;2014-11-26;
128;Zamecky Lezak Special 13deg;Chodovar Brewery;Czech Pilsner;Czech Republic;5.1;Bottle at desk;Cool;Not great, unpleasant taste;;Forward;4;;1;0;;2014-11-26;
129;Koff;Sinebrychoff;Pale Lager;Finland;4.5;Can in bed;Cool;Unremarkable, thin but refreshing;;Forward;6;;1;0;;2014-11-26;
130;Karhu A;Sinebrychoff;Pale Lager;Finland;5.3;Can while cooking;Cool;Not particularly memorable;;Forward;5;;1;0;;2014-11-27;
131;Birra Antoniana Altinate;Birrificio Antoniano;Pale Lager;Italy;5.2;Bottle while cooking;Cool;Pretty dry and hoppy;;Forward;5;;1;0;;2014-11-27;
132;Birra Antoniana Scudata;Birrificio Antoniano;Pale Lager;Italy;5.2;Bottle at dinner with friends;Cool;Hoppy;;Forward;6;;1;0;;2014-11-27;
133;Simon Pils;Brasserie Simon;German Pilsner;Luxembourg;4.8;Glass at party;Cool;A bit harsh, but okay;;Full;6;;1;0;;2014-11-29;
134;Goudenband;Liefmans;Flanders Oud Bruin;Belgium;8;Bottle at desk;Cool;Slightly vinegarry, sweet;Not my favorite;Full;7;;1;0;;2014-11-30;
135;Presidente;Cerveceria Nacional Dominicana;Czech Pilsner;Dominican Republic;5;Bottle at desk;Cool;Unpleasant edge, uninteresting otherwise;;Forward;4;;1;0;;2014-12-01;
136;Heineken;Heineken;Pale Lager;Netherlands;5;Can at desk;Cool;Pretty unpleasant;;Forward;4;;1;0;;2014-12-01;
137;Lapin Kulta;Hartwall;Pale Lager;Finland;5.2;Can while cooking;Cool;Pretty unpleasant;;Forward;4;;1;0;;2014-12-01;
138;Feldschlossen Premium;Feldschlossen Beverages Group;Pale Lager;Switzerland;5;Can at desk;Cool;Foul;;Forward;2;;1;0;;2014-12-02;
139;La Meule;BFM;Spiced Beer;Switzerland;6;Bottle at desk;Cool;Pleasant, interesting orange taste;A bit weird;Forward;6;;1;0;;2014-12-02;
140;Sinebrychoff Porter;Sinebrychoff;Baltic Porter;Finland;7.2;Bottle in bed;Cool;Toasted malt, a bit iffy;;Forward;6;;1;0;;2014-12-02;
141;Sapporo Premium;Sapporo;Pale Lager;Japan;5;Can in bed;Cool;Drinkable but unremarkable;;Forward;6;;1;0;;2014-12-08;
142;Chinggis Mongolian Lager;Chinggis;Pale Lager;Mongolia;5;Bottle at desk;Cool;Meh, not particularly great;;Forward;5;;1;0;;2014-12-14;
143;Tiger Beer;Asia Pacific Breweries;Adjunct Lager;Singapore;5;Bottle at desk;Cool;Mildly unpleasant, sweet but checmical edge;;Forward;4;;1;0;;2014-12-14;
144;Hen's Tooth;Greene King Morland Brewery;Strong Ale;England;6.5;Bottle after spicy food;Cool;Whisky tasting, kind of nice;;Forward;7;;1;0;;2014-12-08;
145;Amstel Lager;Amstel;Pale Lager;Netherlands;5;Can at desk;Cool;Unpleasant, uninteresting beer;;Forward;4;;1;0;;2014-12-04;
146;Oranjeboom Premium Lager;United Dutch Breweries;Pale Lager;Netherlands;5;Can at desk;Cool;Okay, PBR like;;Forward;6;;1;0;;2014-12-04;
147;Liefmans Cuvee-Brut;Liefmans;Fruit Beer;Belgium;6;Bottle while cooking;Cool;Pretty good, though not as full as I'd like, not too sweet;A little thin;Full;9;;1;0;;2014-12-11;
148;Juniper Pale Ale;Rogue;Pale Ale;Oregon;5.3;Bottle at desk;Cool;A bit hoppy, juniper is nice but smelly very chemically;Chemical feeling in nose;Forward;6;;1;0;;2014-12-13;
149;Hinano;Brasserie de Tahiti;Pale Lager;French Polynesia;5;Bottle at desk;Cool;Beer, kind of unremarkable but drinkable;Slightly chemical?;Forward;6;;1;0;;2014-12-16;
150;La Salamandre;BFM;Wit Beer;Switzerland;5.5;Bottle at desk;Cool;Sweet, but not great;;Forward;4;;1;0;;2014-12-14;
151;Barbar;Brasserie Lefebvre;Strong Ale;Belgium;8;Bottle at desk;Cool;Honey beer, pleasant;;Forward;7;;1;0;;2014-12-14;
152;Locher Brand Loescher;Locher Appenzeller;Vienna Lager;Switzerland;4.8;Bottle at desk;Cool;Rather pleasant, full taste;;Forward;8;;1;0;;2014-12-13;
153;Feldschlossen Hopfenperle;Feldschlossen Beverages Group;Pilsner;Switzerland;5.2;Can at desk;Cool;Unpleasant cheap beer;;Forward;2;;1;0;;2014-12-03;
154;Kokanee;Labatt;Pale Lager;British Columbia;5;Can at desk;Cool;Unpleasant cheap beer;;Forward;3;;1;0;;2014-12-03;
155;Tripel Karmeliet;Bosteels;Tripel;Belgium;8.4;Bottle with spicy food;Cool;Fizzy, boozy, some fullness;;Forward;7;;1;0;;2014-12-11;
156;Kasteel Donker;Breouwerij Van Honsebrouck;Quadrupel;Belgium;11;Bottle in bed;Cool;Fairly sweet, very boozy;;Forward;7;;1;0;;2014-12-14;
157;La Cuivree;BFM;Altbier;Switzerland;4.5;Bottle at desk;Cool;Very hoppy, odd edge;;Forward;5;;1;0;;2014-12-07;
158;La Torpille;BFM;Strong Dark Ale;Switzerland;7.5;Bottle at desk;Cool;Carmel/burnt taste, but not great;;Forward;4;;1;0;;2014-12-07;
159;Eidgenoss Naturtrueb;Falken;Vienna Lager;Switzerland;5;Bottle at desk;Cool;Malty, not great;;Forward;5;;1;0;;2014-12-08;
160;Birra Antoniana;Birrificio Antoniano;Vienna Lager;Italy;5.4;Bottle at desk;Cool;Fizzy, a bit nutty;;Forward;5;;1;0;;2014-12-13;
161;Molson Canadian;Molson;Pale Lager;Quebec;5;Bottle at desk;Cool;Fizzy, odd taste;Makes my tongue feel odd;Forward;4;;1;0;;2014-12-07;
162;Forst Sixtus Doppelbock;Forst;Doppelbock;Italy;6.5;Bottle at desk;Cool;Carmelly, okay;;Forward;6;;1;0;;2014-12-15;
163;Forst Kronen Speciale;Forst;Pale Lager;Italy;5.2;Bottle at desk;Cool;Uninteresting;;Forward;5;;1;0;;2014-12-16;
164;Imperial Stout;Samuel Smith;Imperial Stout;England;7;Bottle at desk;Cool;Quite full, pleasant, carmelly;;Forward;8;;1;0;;2014-12-08;
165;Schneeweisse Winterbier;Erdinger Weissbrau;Hefeweizen;Germany;5.6;Bottle at desk;Cool;Somewhat unpleasant;;Forward;4;;1;0;;2014-12-15;
166;Delirium Christmas/Noel;Huyghe Brewery;Strong Pale Ale;Belgium;10;Bottle at desk;Cool;Fizzy, spicy, nutty;;Forward;7;;1;0;;2014-12-07;
167;1664;Kronenbourg;Pale Lager;France;5;Can at desk;Cool;Uninteresting, kind of off on first taste;;Forward;4;;1;0;;2014-12-17;
168;Turbinen Start;Turbinenbraeu;Hefeweizen;Switzerland;5;Bottle at party;Cool;Okay;;Forward;6;;1;0;;2014-12-08;
169;Turbinen Rekord;Turbinenbraeu;Dunkel;Switzerland;5.2;Bottle at party;Cool;Not great, beery;;Forward;5;;1;0;;2014-12-08;
170;Longboard Island Lager;Kona;Pale Lager;Hawaii;4.6;Bottle at desk;Cool;Not very interesting, meh;;Forward;6;;1;0;;2014-12-13;
171;Rogue Dead Guy Ale;Rogue;Heller Bock;Oregon;6.5;Bottle at desk;Cool;Hoppy, chocolateish;;Forward;7;;1;0;;2014-12-15;
172;Royale;Leffe;Strong Ale;Belgium;7.5;Bottle at desk;Cool;Full, a little nutty;;Forward;7;;1;0;;2014-12-23;
173;Eis Zaepfle;Rothaus;Oktoberfest/Marzen;Germany;5.6;Bottle at desk;Cool;Full, fairly fizzy feel;A little odd;Full;5;;1;0;;2014-12-25;
174;Moosehead Lager;Moosehead;Pale Lager;New Brunswick;5;Bottle at desk;Cool;Uninteresting;;Full;5;;1;0;;2014-12-21;
175;Moosehead Pale Ale;Moosehead;Pale Ale;New Brunswick;5;Bottle at desk;Semi-warm;A little fizzy, but decent;;Forward;6;;1;0;;2014-12-20;
176;Barking Squirrel Lager;Hop City;Vienna Lager;Ontario;5;Bottle at desk;Cool;Hoppy, a bit sweet;A little fizzy, nutty;Forward;8;;1;0;;2014-12-24;
177;Drunken Sailor;CREW Republic;IPA;Germany;6.4;Bottle while cooking;Cool;Very hoppy, meh;;Forward;5;;1;0;;2014-12-24;
178;Tucher Helles Hefe Weizen;Tucher Braeu Fuerth;German Hefeweizen;Germany;5.2;Can at desk;Cool;Light, slightly sweet;;Forward;7;;1;0;;2014-12-24;
179;Astra Arschkalt;St. Pauli Brewery;Vienna Lager;Germany;5.9;Bottle at desk;Cool;Fizzy on tongue, but decent full taste;;Forward;7;;1;0;;2014-12-22;
180;Sierra Nevada Stout;Sierra Nevada;Stout;California;5.8;Bottle at desk;Cool;Very hoppy, not a particular fan;;Forward;4;;1;0;;2014-12-21;
181;Flying Dog Pale Ale;Flying Dog;Pale Ale;Maryland;5.5;Bottle at desk;Cool;Very hoppy, not a particular fan;;Forward;4;;1;0;;2014-12-25;
182;Sleeman Honey Brown Lager;Sleeman Brewery;Vienna Lager;Ontario;5.2;Bottle at desk;Cool;Not very interesting, a little off;;Forward;4;;1;0;;2014-12-20;
183;ACDC Beer;Karlsberg Brauerei;Pale Lager;Germany;5;Can at desk;Cool;Thin, slightly unpleasant;;Forward;4;;1;0;;2014-12-20;
184;Breckenridge Vanilla Porter;Breckenridge;Porter;Colorado;4.7;Bottle at desk;Cool;Sweetish;;Front;7;;1;0;;2014-12-24;
185;Anchor Brekle's Brown;Anchor;Brown Ale;California;6;Bottle at desk;Cool;Very nice and rich;Slightly fizzy, chocolate;Full;8;;1;0;;2014-12-24;
186;Newcastle Brown Ale;John Smiths;Brown Ale;England;4.7;Bottle at party;Semi-warm;Nutty, but thin taste;;Forward;5;;1;0;;2014-12-16;
187;Pilsner Urquell;Plzensky Prazdroj;Czech Pilsner;Czech Republic;4.4;Can at desk;Cool;A little unpleasant;;Forward;4;;1;0;;2014-12-17;
188;Beck's;Beck's Brewery;German Pilsner;Germany;4.8;Can at desk after spicy food;Cool;Tastes rather off;;Forward;4;;1;0;;2014-12-20;
189;Amsterdam Maximator;Grolsch;Doppelbock;Netherlands;11.6;Can at desk;Cool;Sweetish, but fairly unpleasant, boozy;Unpleasant;Forward;3;;1;0;;2014-12-17;
190;Beer Bong;Pivovar Vyskov;Czech Pilsner;Czech Republic;4.1;Bottle at desk;Cool;Thin, kind of unpleasant;;Forward;4;;1;0;;2014-12-24;
191;Staropramen Lager;Staropramen;Czech Pilsner;Czech Republic;5;Bottle at desk;Cool;Meh;;Forward;5;;1;0;;2014-12-21;
192;Budweiser Budvar/Czechvar;Budweiser Budvar;Czech Pilsner;Czech Republic;5;Can at desk;Cool;Pilsner-y, okay but not great;;Forward;5;;1;0;;2014-12-23;
193;Coors Light;Coors;Pale Lager;Colorado;4.2;Bottle at desk, had mouthwashed;Cool;Odd taste at first, not interesting;;Forward;4;;1;0;;2014-12-20;
194;Amsterdam Navigator;Grolsch;Strong Pale Lager;Netherlands;8;Can at desk;Cool;Boozy, sweet edge, overall okay;;Forward;6;;1;0;;2014-12-21;
195;Breznak Original Boehmisch Pils;Breznak;Czech Pilsner;Czech Republic;5.1;Bottle at desk;Cool;Quite unpleasant edge;;Forward;3;;1;0;;2014-12-25;
196;La Trappe Quadrupel;De Koningshoeven;Quadrupel;Netherlands;10;Bottle at desk;Cool;Boozy, full taste;;Forward;5;;1;0;;2014-12-23;
197;Grolsch Premium Lager;Grolsch;Pale Lager;Netherlands;5;Can at desk;Cool;Somewhat off;;Forward;4;;1;0;;2014-12-21;
198;Bavaria 8.6;Bavaria Brouwerij;Strong Pale Lager;Netherlands;7.9;Can at desk;Cool;Boozy, off edge;;Forward;5;;1;0;;2014-12-21;
199;Miller Genuine Draft;Miller;Pale Lager;Wisconsin;4.7;Bottle at desk;Cool;Fairly unpleasant, fizzy;;Forward;3;;1;0;;2014-12-20;
200;Yuengling Traditional Lager;Yuengling;Pale Lager;Pennsylvania;4.4;Bottle at desk;Cool;Meh;;Forward;5;;1;0;;2014-12-22;
201;Belzebuth Extra Strong;Grain d'Orge;Strong Pale Ale;France;11.8;Bottle in bed;Cool;Thin, very boozy, whisky, not pleasant;;Forward;3;;1;0;;2015-01-09;
202;Guinness Draught;Guinness Ltd.;Dry Stout;Ireland;4.2;Bottle in bed;Cool;Thin, off, not a particular fan;;Forward;4;;1;0;;2015-01-09;
203;Castle Lager;South African Breweries;Pale Lager;South Africa;5;Bottle at desk;Cool;Thin, fizzy, fairly unpleasant;;Forward;4;;1;0;;2015-01-11;
204;O'Hara's Irish Stout;Carlow;Dry Stout;Ireland;4.3;Bottle at desk;Cool;Thin, I don't particularly care for it;Fizzy;Forward;4;;1;0;;2015-01-11;
205;Murphy's Irish Stout;Murphy's Brewery;Dry Stout;Ireland;4;Can at desk;Cool;Pretty unpleasant;;Forward;3;;1;0;;2015-01-11;
206;O'Hara's Irish Red;Carlow;Irish Red Ale;Ireland;4.3;Bottle while cooking;Cool;Odd edge, not great, quite fizzy;;Forward;4;;1;0;;2015-01-08;
207;Caffrey's;Coors UK;Bitter;England;3.8;Can while cooking;Cool;Thin, quite unpleasant;;Forward;3;;1;0;;2015-01-08;
208;Adelscott;Brasserie Fischer;Scotch Ale;France;5.8;Bottle while cooking;Cool;Sweet, not great;;Front;4;;1;0;;2015-01-07;
209;Fischer Tradition Blonde;Brasserie Fischer;Pale Lager;France;6;Bottle at desk;Cool;Thin, not great;;Forward;4;;1;0;;2015-01-07;
210;Alter Beer Polski Chmiel;Browar Cornelius;Pilsner;Poland;5;Bottle at desk;Cool;Tastes like grass, not pleasant;;Forward;3;;1;0;;2014-12-30;
211;Zamkowy Twierdzowe Ciemne;Browar Zamkowy Raciborz;Spiced Beer;Poland;4.5;Bottle at desk;Cool;Too sweet, but flavorful;;Forward;6;;1;0;;2014-12-31;
212;Zywiec Jasne Pelne;Zywiec Brewery;Pale Lager;Poland;5.6;Glass with lunch;Cool;Not particularly pleasant;;Forward;4;;1;0;;2014-12-30;
213;Warka Strong;Zywiec Brewery;Imperial Pilsner;Poland;7;Glass at bar;Cool;Sweetish, licorice edge;;Forward;5;;1;0;;2014-12-29;
214;Cornelius Triple Blond;Browar Cornelius;Tripel;Poland;8;Bottle at desk;Cold;Nutty, boozy;;Forward;6;;1;0;;2014-12-31;
215;Alter Beer Rubi Lager;Browar Cornelius;Imperial Pilsner;Poland;6.5;Bottle in bed;Cool;Sweet, rather nice;;Forward;7;;1;0;;2014-12-31;
216;Tatra Jasne Pelne;Zywiec Brewery;Pale Lager;Poland;6;Bottle at desk;Cool;Strong edge, a bit off;;Forward;5;;1;0;;2015-01-01;
217;Ciechan Wyborne Nieutrwalone;Browar Ciechan;Imperial Pilsner;Poland;6;Bottle in bed;Cool;Unremarkable, but drinkable. Fairly light;;Forward;6;;1;0;;2015-01-01;
218;Bojan Wielkopolskie;Browar Bojanowo;Premium Lager;Poland;5;Bottle in bed;Cool;Unpleasant edge, not a big fan;;Forward;4;;1;0;;2015-01-01;
219;Lubelskie Pils;Browary Lubelskie;Pilsner;Poland;5.6;Bottle at desk;Cool;Thin, inoffensive, fairly drinkable;;Forward;5;;1;0;;2015-01-02;
220;Perla Porter Baltycki;Browary Lubelskie;Baltic Porter;Poland;9.2;Bottle at desk;Cool;Kind of tastes like cough syrup;;Forward;4;;1;0;;2015-01-02;
221;Pinta Grodziskie;Browar Pinta;Grodziskie;Poland;2.6;Bottle at desk;Cool;Very interesting, but gives a sort of salami smell when drinking;;Forward;6;Points for novelty;1;0;;2015-01-02;
222;Torunskie Krzepkie;Krajina Piva;Imperial Pilsner;Poland;6.8;Bottle at desk;Cool;Bitter, not particularly great;;Forward;4;;1;0;;2015-01-04;
223;Porter Warwinski;Browar Kormoran;Baltic Porter;Poland;9;Bottle at desk;Cool;Fairly rich, licorice, quite pleasant;Licorice aftertaste;Full;7;;1;0;;2015-01-04;
224;Perla Kozlak;Browary Lubelskie;Dunkler Bock;Poland;7;Bottle at desk;Cool;Rich, chocolate taste, quite nice;Fairly fizzy, a bit off;Full;7;;1;0;;2015-01-05;
225;Lubelskie Mocne;Browary Lubelskie;Imperial Pilsner;Poland;7.6;Bottle at desk;Cool;Odd fizz, not great;;Forward;4;;1;0;;2015-01-05;
226;Dzikie Ale;Browar Zwierzyniec;Brown Ale;Poland;4;Bottle at desk;Cool;Decent, not particularly memorable;A little fizzy;Forward;5;;1;0;;2015-01-04;
227;Trybunalskie Miodowe;Browary Lubelskie;Honey Beer;Poland;6;Bottle at desk;Cool;Meh, not particularly great, odd sweetness;;Forward;4;;1;0;;2015-01-04;
228;Lech Premium;Kompania Piwowarska;Premium Lager;Poland;5;Bottle at desk;Cool;Not a fan, the usual pale-lager that I don't like;;Forward;3;;1;0;;2015-01-05;
229;Olimp Hera;Browar Olimp;Coffee Milk Stout;Poland;4.5;Bottle at desk;Cool;Thin taste, some coffee, not a particular favorite;;Forward;4;;1;0;;2015-01-05;
230;Somersby Apple Original;Carlsberg;Apple Cider;Sweden;4.5;Bottle at desk;Cool;Very sweet (a bit too much), somewhat syrupy;;Forward;5;;1;0;;2015-01-09;
231;St. George Beer;Kombolcha Brewery;Pale Lager;Ethiopia;4.5;Bottle at dinner;Cool;Fizzy, not great;;Forward;5;;1;0;;2015-01-10;
232;Carlsberg Pilsner;Carlsberg;Pilsner;Denmark;5;Can at desk;Cool;Thin, unremarkable, drinkable;;Forward;6;;1;0;;2015-01-12;
233;Flying Dog K-9 Cruiser;Flying Dog;Strong Ale;Maryland;7.4;Bottle while cooking;Cool;Rich, rather smooth, quite pleasant;;Forward;8;;1;0;;2015-01-12;
234;Giraf Gold;Royal Unibrew;Pale Lager;Denmark;5.6;Can at desk;Cool;Lagerish;Very strange, sharp, not pleasant;Forward;4;;1;0;;2015-01-12;
235;Potsdamer Stange;Braumanufaktur Forsthaus Templin;Kellerbier;Germany;4.8;Glass with lunch;Cool;Meh, beery;;Forward;4;;1;0;;2015-01-13;
236;Royal Export;Royal Unibrew;Premium Lager;Denmark;5.8;Can at desk;Cool;Not great;;Forward;5;;1;0;;2015-01-13;
237;Albani Odense Classic;Royal Unibrew;Vienna Lager;Denmark;4.6;Can in bed;Cool;Uninteresting, thin, not great;;Forward;3;;1;0;;2015-01-13;
238;Kopparbergs Pear Cider;Kopparbergs Bryggeri;Pear Cider;Sweden;4.5;Bottle at desk;Cool;Too sweet, somewhat syrupy;;Forward;4;;1;0;;2015-01-14;
239;Lindemans Faro;Lindemans;Faro;Belgium;4.5;Bottle with friends watching movie;Cool;Sweet, but decent;;Forward;6;;1;0;;2015-01-14;
240;Organic Cider;Samuel Smith;Apple Cider;England;5;Bottle at dinner with friends;Cool;Tart, fairly nice;;Forward;7;;1;8;;2015-01-15;
241;Belhaven Wee Heavy 90 Shilling;Belhaven;Scotch Ale;Scotland;7.4;Bottle at desk;Cool;Sweet, fut fairly pleasant;;Forward;7;;1;0;;2015-01-16;
242;Belhaven McCallum's Stout;Belhaven;Stout;Scotland;4.1;Bottle at desk;Cool;Thin, not great;;Forward;5;;1;0;;2015-01-22;
243;Staffelberg-Brau Hefe-Weizen;Staffelberg Brau;Hefeweizen;Germany;5.2;Bottle with dinner;Cool;Thin, not very interesting, meh;;Forward;5;;1;0;;2015-01-23;
244;Kingfisher;United Breweries Group;Pale Lager;India;5;Glass at dinner with friends;Cool;Unremarkable, but drinkable;;Forward;6;;1;0;;2015-01-16;
245;Eichhof Lager;Eichhof;Helles Lager;Switzerland;4.8;Glass at bar with friends;Cool;Meh;;Forward;5;;1;0;;2015-01-16;
246;Fire Rock Pale Ale;Kona;Pale Ale;Hawaii;6;Bottle at desk;Cool;Hoppy, but well balanced. Fairly nice;;Forward;7;;1;0;;2015-01-17;
247;O'Hara's Irish Pale Ale;Carlow;Pale Ale;Ireland;5.2;Bottle at desk;Cool;Somewhat harsh hops, not great;;Forward;4;;1;0;;2015-01-18;
248;Boddingtons Pub Ale;Samlesbury;Bitter;England;4.6;Can while cooking;Cool;Thin, not a big fan;;Forward;4;;1;0;;2015-01-20;
249;Abbot Ale;Greene King Morland Brewery;ESB;England;5;Can at desk;Cool;Thin taste, smooth, a little odd. Good but not my favorite style;;Forward;5;;1;0;;2015-01-17;
250;Twisted Thistle IPA;Belhaven;IPA;Scotland;5.3;Bottle at desk;Cool;Smooth, nice hops;Aftertaste is weird;Forward;5;;1;0;;2015-01-18;
251;Liberty Ale;Anchor;Pale Ale;California;5.9;Bottle while cooking;Cool;Rich and full, rather nice;;Forward;8;;1;0;;2015-01-20;
252;Mr. Albi;Chodovar Brewery;Schwarzbier;Czech Republic;5;Bottle at desk;Cool;A bit thin, not that interesting;;Forward;5;;1;0;;2015-01-22;
253;Carlsberg Elephant;Carlsberg;Strong Pale Lager;Denmark;7.5;Bottle in bed;Cool;Strong, lagery, okay but not my favorite;;Forward;5;;1;0;;2015-01-22;
254;Swizly Swiss Cider;Mosterei Moehl;Apple Cider;Switzerland;5;Bottle in bed;Cool;A bit weird, maybe slightly too sweet;;Forward;5;;1;0;;2015-01-21;
255;Moehl-Saft Apfelwein;Mosterei Moehl;Apple Cider;Switzerland;4;Bottle at desk;Cool;Apple juice;;Forward;4;;1;0;;2015-01-24;
256;Alaskan Amber;Alaskan Brewing Company;Altbier;Alaska;5.3;Bottle at desk;Cool;Pleasant, rich;Somewhat fizzy;Forward;7;;1;0;;2015-01-25;
257;Astra Rotlicht;St. Pauli Brewery;Helles Lager;Germany;6;Bottle at desk;Cool;Not that interesting;Fizzy, metallic;Forward;4;;1;0;;2015-01-26;
258;Ramseier Suure Moscht Cidre Trouble;Poldor Suisse;Apple Cider;Switzerland;4;Bottle in bed;Cool;Tastes like apple juice;;Forward;4;;1;0;;2015-01-23;
259;St. Peter's India Pale Ale;St. Peter's Brewery;IPA;England;5.5;Bottle at desk;Cool;Hoppy, bitter, not my favorite;;Forward;4;;1;0;;2015-01-24;
260;I Cavalieri Rossa / Umbri Cotta 37;Mastri Birrai Umbri;Herb Beer;Italy;5.5;Glass at dinner with friends;Cool;Fairly pleasant;;Forward;7;;1;0;;2015-01-29;
261;I Cavalieri Blonda / Umbri Cotta 21;Mastri Birrai Umbri;Specialbeer;Italy;5;Glass at dinner with friends;Cool;Smooth, pleasant;;Forward;7;;1;0;;2015-01-29;
262;Organic Apricot;Samuel Smith;Fruit Ale;England;5.1;Bottle at desk;Cool;Quite nice, the apricot fits in very well, a good desert;;Forward;8;;1;0;;2015-01-25;
263;St. Peter's Christmas Ale;St. Peter's Brewery;Strong Ale;England;7;Bottle at desk;Cool;Not very interesting, meh;;Forward;5;;1;0;;2015-01-31;
264;St. Peter's Cream Stout;St. Peter's Brewery;Stout;England;6.5;Bottle in bed;Cool;Quite rich, very nice taste, especially good when just slightly cool;;Forward;9;;1;0;;2015-02-03;
265;St. Peter's Honey Porter;St. Peter's Brewery;Porter;England;4.5;Bottle in bed;Cool;Licorice, pleasant but not great, kind of perfumy;;Forward;4;;1;0;;2015-01-30;
266;St. Peter's Old-Style Porter;St. Peter's Brewery;Porter;England;5.1;Bottle at dinner;Cool;Full taste, rather decent;Odd taste;Forward;7;;1;0;;2015-02-01;
267;Bulmers Original;Bulmers Cider;Apple Cider;England;4.5;Bottle while cooking;Cool;Odd edge, not great;;Forward;5;;1;0;;2015-01-27;
268;Magners Original Irish;Bulmers Ireland;Apple Cider;Ireland;4.5;Bottle in bed;Cool;Not too sweet, but not interesting;;Forward;4;;1;0;;2015-01-27;
269;Magners Pear;Bulmers Ireland;Pear Cider;Ireland;4.5;Bottle at desk;Cool;A little too sweet but overall nice;;Forward;7;;1;0;;2015-01-25;
270;Savanna Dry;Distell;Apple Cider;South Africa;5;Bottle at desk;Cool;Nice and tart;Not great;Forward;6;;1;0;;2015-01-27;
271;Strongbow;Bulmers Cider;Apple Cider;England;5;Can with dinner;Cool;Sour, but not that pleasant;;Forward;5;;1;0;;2015-01-29;
272;Viru;A Le Coq (Olvi);Pale Lager;Estonia;5;Bottle at desk;Cool;Rich taste, rather pleasant;;Forward;7;;1;0;;2015-02-05;
273;Crocodile Lager;Kroenliens Bryggeri;Pale Lager;Sweden;5.2;Bottle at desk;Cool;Thin, unpleasant;;Forward;3;;1;0;;2015-01-28;
274;KISS Destroyer;Kroenliens Bryggeri;Pale Lager;Sweden;4.7;Bottle at desk;Cool;Lagerish. Okay, but not great;;Forward;5;;1;0;;2015-01-29;
275;Duyck Jenlain Ambree;Duyck;Biere de Garde;France;7.5;Bottle at desk;Cool;Sweet, boozy;;Forward;5;;1;0;;2015-02-05;
276;Asahi Super Dry;Asahi;Pale Lager;Japan;5;Bottle at desk;Cool;A decent lager, fine but unremarkable;;Forward;6;;1;0;;2015-02-02;
277;Kirin Ichiban;Kirin;Pale Lager;Japan;5;Can at desk;Cool;Not great, but okay;;Forward;4;;1;0;;2015-02-02;
278;Bayeux Cidre de Normandie Brut;Cidrerie Viard;Apple Cider;France;4.5;Glass at desk;Cool;Champagne-like, kind of off;Extremely fizzy;Forward;5;;1;0;;2015-01-30;
279;Palma Cristal;Cerveceria Bucanero;Pale Lager;Cuba;4.9;Bottle at desk;Cool;Pretty bad, metallic taste;;Forward;2;;1;0;;2015-01-31;
280;Cubanero Fuerte;Cerveceria Bucanero;Pale Lager;Cuba;5.4;Bottle at desk;Cool;Uninteresting, slightly metallic;;Forward;4;;1;0;;2015-01-31;
281;Icelandic White Ale;Einstock Olgerd;Wit Beer;Iceland;5.2;Bottle at desk;Cool;A little spiced, but not much flavor. Boring;A little odd;Forward;4;;1;0;;2015-02-05;
282;Icelandic Pale Ale;Einstock Olgerd;Pale Ale;Iceland;5.6;Bottle in bed;Cool;Hoppy but uninteresting;;Forward;4;;1;0;;2015-02-08;
283;Icelandic Toasted Porter;Einstock Olgerd;Porter;Iceland;6;Bottle in bed;Cool;Sweet but not great;;Forward;4;;1;0;;2015-02-08;
284;Nogne O Global Pale Ale;Nogne O / Hansa Borg;Pale Ale;Norway;4.5;Bottle at desk;Cool;Extremely hoppy, hard to taste much else;Fizzy;Forward;4;;1;0;;2015-02-08;
285;Nogne O Two Captains Double IPA;Nogne O / Hansa Borg;IPA;Norway;8.5;Bottle at desk;Cool;Very hoppy, but okay;;Forward;5;;1;0;;2015-02-11;
286;Nogne O IPA;Nogne O / Hansa Borg;IPA;Norway;7.5;Bottle at desk;Cool;Rather hoppy, but okay;;Forward;5;;1;0;;2015-02-12;
287;Winterkoninck;Brewery De Koninck;Belgian Dark Ale;Belgium;6.5;Bottle at desk;Cool;Pleasant and full but not fantastic;Slightly metallic;Forward;7;;1;0;;2015-02-09;
288;Efes Pilsner;Andaolu Efes;Pilsner;Turkey;5;Bottle in bed;Cool;Fizzy and lagery, but kind of okay;;Forward;6;;1;0;;2015-02-07;
289;Jelen Pivo;Apatinska Pivara;Pale Lager;Serbia;5;Can in bed;Cool;Kind of unpleasant, odd edge;;Forward;4;;1;0;;2015-02-07;
290;Jever Pilsner;Jever;Pilsner;Germany;4.9;Can in bed;Cool;Lagery, unpleasant;;Forward;3;;1;0;;2015-02-07;
291;Faxe Premium;Royal Unibrew;Premium Lager;Denmark;5;Cup at party with friends, slight cold;Cool;Meh;;Forward;4;;1;0;;2015-02-20;
292;Almaza Pilsener;Almaza Brewery;Pilsner;Lebanon;4;Glass at dinner with friends;Cool;Lagery, uninteresting;;Forward;4;;1;0;;2015-02-06;
293;Les 3 Fourquets Lupulus;Les 3 Fourquets;Tripel;Belgium;8.5;Cup at party with friends, slight cold;Cool;Very hoppy, but okay;;Forward;6;;1;0;;2015-02-20;
294;La Mere Noel;Huyghe Brewery;Strong Ale;Belgium;8.5;Cup at party with friends, slight cold;Semi-warm;Fairly full, but meh;;Forward;5;;1;0;;2015-02-20;
295;Kenya Tusker Lager;Kenya Breweries;Pale Lager;Kenya;4.2;Bottle in bed;Cool;Lager, not much taste, uninteresing;;Forward;4;;1;0;;2015-02-11;
296;Mythos;Mythos;Pale Lager;Greece;4.7;Bottle in bed, slight cold;Cool;Lagery, kind of off;;Forward;3;;1;0;;2015-02-21;
297;Voltan Santorini Blonde;First Lomax;Pilsner;Greece;5;Bottle in bed, slight cold;Cool;Lagery, honey taste is weird, not great;;Forward;4;;1;0;;2015-02-21;
298;Skol (Brazil);InBev;Pale Lager;Brazil;4.7;Bottle with dinner;Cool;Meh;;Forward;5;;1;0;;2015-02-14;
299;Brahma Chopp;InBev;Pale Lager;Brazil;5;Bottle at desk;Cool;Oh look, more lager. Acceptable, though;;Forward;6;;1;0;;2015-02-13;
300;Club Colombia;Grupo Empresarial Bavaria;Pale Lager;Colombia;4.7;Bottle at desk;Cool;Meh;;Forward;4;;1;0;;2015-02-13;
301;Menaresta Bevera;Birrificio Menaresta;Blond Ale;Italy;4.2;Bottle at desk;Cool;Okay, not too remarkable but decent;;Forward;6;;1;0;;2015-02-13;
302;Menaresta 22 La Verguenza;Birrificio Menaresta;Double IPA;Italy;7.5;Bottle while cooking;Cool;Sweet, quite hoppy;;Forward;5;;1;0;;2015-02-14;
303;Menaresta 2 di Picche;Birrificio Menaresta;Black IPA;Italy;6.8;Bottle while cooking;Cool;Hoppy, okay but not great;;Forward;5;;1;0;;2015-02-12;
304;Menaresta Scighera;Birrificio Menaresta;Wit Beer;Italy;4.5;Glass in bed;Cool;Decent, nice orange spice;;Forward;7;;1;0;;2015-02-10;
305;Menaresta Felina;Birrificio Menaresta;Spice Beer;Italy;7.5;Bottle while cooking;Cool;Kind of weird, chemically;;Forward;4;;1;0;;2015-02-12;
306;Pacena Centanario;Cerveceria Boliviana;Pale Lager;Bolivia;4.8;Bottle at desk;Cool;Mild, unremarkable but fine;;Forward;6;;1;0;;2015-02-22;
307;Polar;Empresas Polar;Pale Lager;Venezuela;5;Bottle while cooking;Cool;Sweet taste, a little uninteresting;;Forward;5;;1;0;;2015-03-14;
308;Quilmes Cristal;Cerveceria y Malteria Quilmes;Pale Lager;Argentina;4.9;Bottle while cooking;Cool;Decent, not particularly memorable;;Forward;6;;1;0;;2015-03-10;
309;Nogne O Imperial Stout;Nogne O / Hansa Borg;Imperial Stout;Norway;9;Bottle at desk;Cool;Rather nice, rich taste, fairly hoppy;;Forward;8;;1;0;;2015-02-24;
310;Coopers Original Pale Ale;Coopers Brewery;Blond Ale;Australia;4.5;Bottle at desk;Cool;Okay, a bit hoppy but fine;;Forward;6;;1;0;;2015-02-25;
311;James Boags Premium Lager;J Boag & Son / San Miguel;Pale Lager;Australia;5;Bottle at desk;Cool;Lagery, okay but not great;;Forward;5;;1;0;;2015-02-26;
312;Coopers Sparkling Ale;Coopers Brewery;Blond Ale;Australia;5.8;Bottle at desk;Cool;Meh, not that interesting but not bad;;Forward;5;;1;0;;2015-02-24;
313;Coopers Best Extra Stout;Coopers Brewery;Stout;Australia;6.3;Bottle at desk;Cool;Fairly pleasant, kind of fizzy;;Forward;7;;1;0;;2015-02-25;
314;Fosters Lager;Fosters;Pale Lager;Australia;5;Can at desk;Cool;Fairly drinkable, slightly sweet edge;;Forward;7;;1;0;;2015-02-26;
315;Fosters Gold;Heineken UK;Pale Lager;England;4.8;Bottle at desk;Cool;Meh, unremarkable;;Forward;5;;1;0;;2015-02-23;
316;Organic Strawberry;Samuel Smith;Fruit Ale;England;5.1;Bottle at desk;Cool;Kind of weird taste, odd edge;;Forward;5;;1;0;;2015-02-24;
317;Faxe 10%;Royal Unibrew;Imperial Pilsner;Denmark;10;Glass at party with friends;Cool;Not great, boozy;;Forward;4;;1;0;;2015-03-13;
318;Castelian Ch'ti de Noel Doree;Castelian;Strong Ale;France;7.5;Glass at party with friends;Cool;Decent;;Forward;6;;1;0;;2015-03-13;
319;Tui East India Pale Ale;Tui Brewery;IPA;New Zealand;4;Bottle at desk;Cool;Fairly hoppy but otherwise decent;;Forward;7;;1;0;;2015-02-28;
320;Steinlager Pure;Lion Breweries;Premium Lager;New Zealand;5;Bottle at desk;Cool;Not great taste, very lagery;Odd, kind of metallic;Forward;4;;1;0;;2015-02-28;
321;Victoria Bitter;Carlton & United Breweries;Pale Lager;Australia;4.9;Bottle at desk;Cool;Pretty off, not pleasant;;Forward;3;;1;0;;2015-02-27;
322;DB Draught;Asia Pacific Breweries;Vienna Lager;New Zealand;4;Bottle at desk;Cool;Hoppy, not great but okay;;Forward;5;;1;0;;2015-02-27;
323;Steinlager Classic;Lion Breweries;Pale Lager;New Zealand;4.8;Bottle at desk;Cool;Just terrible;;Forward;1;;1;0;;2015-03-12;
324;Flame Beer;Asia Pacific Breweries;Vienna Lager;New Zealand;5.2;Bottle at desk;Cool;Iffy, not that pleasant. Initial taste was kind of bad;;Forward;3;;1;0;;2015-03-12;
325;Pedernales Lobo Negro;Pedernales Brewing Company;Dunkel;Texas;5.5;Glass at bar;Cool;Fairly rich, tasty, chicory;;Full;8;;1;0;;2015-03-01;
326;Remember the Alamo Golden Ale;Real Ale Brewing Company;Blond Ale;Texas;5.1;Bottle at restaurant;Cool;Hoppy edge, but kind of thin;;Forward;4;;1;0;;2015-03-02;
327;Angry Orchard Traditional Dry;Angry Orchard;Apple Cider;Ohio;5.5;Bottle at bar with friends;Cool;Quite sweet, maybe too much. Otherwise okay;;Forward;5;;1;0;;2015-03-02;
328;Lone Star;Pabst Brewing Company;Pale Lager;Texas;4.7;Bottle at bar;Cool;Meh, not super great;;Forward;4;;1;0;;2015-03-02;
329;Shiner Bock;Spoetzl Brewery;Vienna Lager;Texas;4.4;Bottle at restaurant;Cool;Decent but unremarkable;;Forward;6;;1;0;;2015-03-04;
330;Freetail Original;Freetail Brewing Company;Amber Ale;Texas;6.8;Glass at bar;Cool;Meh, beery, kind of sweet but unpleasant;;Forward;4;;1;0;;2015-03-04;
331;Lux Mundi Patersbier;Save the World Brewing;Belgian Ale;Texas;5.8;Glass at bar;Cool;Decent, but unremarkable;;Forward;6;;1;0;;2015-03-04;
332;Saint Arnold Santo;Saint Arnold Brewing;Schwarzbier;Texas;4.7;Bottle at restaurant with friend;Cool;Fairly nice, pleasant;;Forward;7;;1;0;;2015-03-04;
333;Lone Pint Gentleman's Relish;Lone Pint Brewery;Brown Ale;Texas;6.2;Glass at restaurant with friends;Cool;Thin, kind of uninteresting;;Forward;5;;1;0;;2015-03-06;
334;Old Mission Smoked Piloncillo Stout;Ensenada Brewing Company;Sweet Stout;Mexico;6;Bottle with dinner with friends;Cool;Quite pleasant, fairly rich taste;;Forward;8;;1;0;;2015-03-06;
335;Shiner 106 Birthday Beer;Spoetzl Brewery;Sweet Stout;Texas;5;Glass at restaurant with friends;Cool;A bit thin, but okay;;Forward;6;;1;0;;2015-03-07;
336;Presidio La Bahia Black Hefeweizen;Goliad Brewing Company;Dunkelweisen;Texas;;Glass at bar with friends;Cool;Okay, not fantastic;;Forward;6;;1;0;;2015-03-07;
337;Bohemia Clasica;FEMSA;Pale Lager;Mexico;5.3;Bottle at restaurant with friends;Cool;Solid, pretty drinkable;;Forward;7;;1;0;;2015-03-08;
338;White Rabbit;Independence Brewing Company;White Ale;Texas;5.9;Can at restaurant;Cool;Sweet but an odd edge;;Forward;5;;1;0;;2015-03-09;
339;Hans' Pils;Real Ale Brewing Company;Pilsner;Texas;5.3;Can at desk with friends;Cool;Fairly nice;;Forward;7;;1;0;;2015-03-09;
340;Horchata Porter;Ensenada Brewing Company;Porter;Mexico;6;Bottle in car;Cool;Taste is a bit weird, but nice edge;;Forward;6;;1;0;;2015-03-10;
341;Sol;FEMSA;Pale Lager;Mexico;4.5;Bottle at desk;Cool;Pretty mediocre;;Forward;3;;1;0;;2015-03-12;
342;Tschlin Biera Engiadinaisa;Bieraria Tschlin;Pilsner;Switzerland;5;Bottle at desk;Cool;Unremarkable, not that interesting;;Forward;5;;1;0;;2015-03-14;
343;Club Bier 05 Wiesn Rausch;Liechtensteiner Brauhaus;German Hefeweizen;Liechtenstein;5.8;Bottle at desk;Cool;Not super-great, a bit iffy;;Forward;4;;1;0;;2015-03-16;
344;Club Bier 02 Alpen Pale Ale;Liechtensteiner Brauhaus;IPA;Liechtenstein;5.4;Bottle at desk;Cool;Fairly decent, not bad;;Forward;6;;1;0;;2015-03-15;
345;Corona Extra;Grupo Modelo;Pale Lager;Mexico;4.6;Bottle at desk;Cool;Meh, beery, not great;;Forward;4;;1;0;;2015-03-15;
346;Monteith's Black Beer;Monteith's Brewing Company;Schwarzbier;New Zealand;5.2;Bottle at desk;Cool;Rich but not that great;Odd, thin, unpleasant bitter;Forward;4;;1;0;;2015-03-17;
347;Sudwerk Western Rider;Sudwerk;American Pale Ale;Switzerland;5;Bottle at desk;Cool;Very hoppy, not my favorite;;Forward;4;;1;0;;2015-03-23;
348;Sudwerk Pacific Pioneer;Sudwerk;Porter;Switzerland;6;Bottle at desk;Cool;Okay, but not super great;Slightly off aftertaste;Forward;5;;1;0;;2015-03-20;
349;Sudwerk Summit;Sudwerk;IPA;Switzerland;7;Bottle at desk;Cool;Super hoppy, unpleasantly so;;Forward;3;;1;0;;2015-03-23;
350;Lindemans Pecheresse;Lindemans;Fruit Ale;Belgium;2.5;Bottle at desk;Cool;Fairly pleasant and rich, but a little too sweet;;Forward;6;;1;0;;2015-03-17;
351;Boelkstoff;Flensburger Brauerei;Premium Lager;Germany;4.8;Bottle at desk;Cool;Lagery, not pleasant;;Forward;3;;1;0;;2015-03-20;
352;Hoevels Original;Dortmunder Actien Brauerei;Amber Ale;Germany;5.5;Bottle at desk;Cool;A little weird, strange sweet taste;Off, slightly metallic;Forward;4;;1;0;;2015-03-22;
353;Augustiner Edelstoff;Augustiner-Braeu;Dortmunder;Germany;5.6;Bottle at desk;Cool;Pretty pleasant. But not fantastic;;Forward;6;;1;0;;2015-03-19;
354;Lion Lager;Lion Brewery Sri Lanka;Premium Lager;Sri Lanka;4.8;Bottle at desk;Cool;Meh, uninteresting;;Forward;4;;1;0;;2015-03-21;
355;Lion Stout;Lion Brewery Sri Lanka;Stout;Sri Lanka;8.8;Bottle at desk;Cool;Sweet but not great, boozy edge;;Forward;4;;1;0;;2015-03-21;
356;Lion Strong Beer;Lion Brewery Sri Lanka;Imperial Pilsner;Sri Lanka;8.8;Bottle at desk;Cool;Boozy, kind of unpleasant, sweet edge;;Forward;4;;1;0;;2015-03-21;
357;Amber Beer;Kombolcha Brewery;Amber Lager;Ethiopia;6;Bottle at desk;Cool;Lagery, uninteresting;;Forward;4;;1;0;;2015-03-25;
358;Boon Kriek Mariage Parfait;Boon Brewery;Lambic;Belgium;8;Glass at party with friends;Cool;Meh, kind of odd champagney;;Forward;5;;1;0;;2015-03-28;
359;Toccalmatto Dudes;Birrificio Toccalmatto;Barley Wine;Italy;12;Glass at party with friends;Cool;Quite nice, interesting whisky taste. Very good.;;Forward;8;;1;0;;2015-03-28;
360;Lindemans Gueuze;Lindemans;Gueze;Belgium;5;Bottle at desk;Cool;Initial taste is harsh;Nice sourness and aftertaste;Full;7;;1;0;;2015-03-23;
361;Mont Saleve Sorachi Ace Bitter;Mont Saleve;Session IPA;France;2.5;Bottle at desk;Cool;Very bitter, not enjoyable;;Forward;3;;1;0;;2015-03-24;
362;Boon Oude Geuze Mariage Parfait;Boon Brewery;Gueze;Belgium;8;Glass at party with friends;Cool;Meh, kind of odd champagney;;Forward;5;;1;0;;2015-03-28;
363;Mont Saleve Blanche;Mont Saleve;Wit Beer;France;5;Bottle at desk;Cool;Kind of odd, interesting spices but not great;;Forward;5;;1;0;;2015-03-24;
364;Rhythm & Blues;De Molen Brewery;Barley Wine;Netherlands;10.2;Bottle at desk;Cool;Boozy, whisky taste but rather unpleasant, sweet edge;;Forward;4;;1;0;;2015-03-25;
365;Rasputin;De Molen Brewery;Imperial Stout;Netherlands;10.4;Bottle at desk;Cool;Boozy, rich but not great;;Forward;5;;1;0;;2015-03-26;
366;Blikken & Blozen;De Molen Brewery;Saison Ale;Netherlands;8.5;Bottle at desk;Cool;Sweet, boozy, okay;;Forward;6;;1;0;;2015-03-25;
367;t IJ Ijwit;Brouwerij 't IJ;Wit Beer;Netherlands;6.5;Bottle at desk;Cool;Fairly decent, nice spice;;Forward;6;;1;0;;2015-03-27;
368;Mout & Mocca;De Molen Brewery;Imperial Stout;Netherlands;11.6;Bottle at desk;Cool;Very sweet, tastes like cough syrup;Burnt aftertaste;Forward;2;;1;0;;2015-03-27;
369;Castel Beer;Kombolcha Brewery;Pale Lager;Ethiopia;5.5;Bottle at desk;Cool;Lagery, fairly mild, okay;;Forward;5;;1;0;;2015-03-29;
370;Harviestoun Ola Dubh (12 Year);Harviestoun Brewery;Old Ale;Scotland;8;Bottle at desk;Cool;Very nice, rich taste. Pleasant burnt edges;;Full;9;;1;0;;2015-03-30;
371;Urban-Keller's Steinbier;Gusswerk;Amber Lager;Austria;5.4;Bottle at desk;Cool;Kind of sweet, fairly decent;Fizzy;Forward;5;;1;0;;2015-03-29;
372;Nicobar India Pale Ale;Gusswerk;IPA;Austria;6.4;Bottle at desk;Cool;Too hoppy, not great;;Forward;4;;1;0;;2015-03-29;
373;Locher Naturperle;Locher Appenzeller;Kellerbier;Switzerland;5;Bottle on couch;Cool;Fairly unremarkable, but drinkable;;Forward;5;;1;0;;2015-03-28;
374;Kvass Russian Soda;KBAC GmbH;Kvass;Germany;0.5;Bottle at desk;Cool;Sweet, kind of like a soda, mild, fairly pleasant;;Forward;7;;1;0;;2015-03-29;
375;Bishops Finger;Shepherd Neame;ESB;England;5.4;Bottle at desk;Cool;Slight bitterness, but smooth. Quite decent;;Forward;8;;1;0;;2015-03-31;
376;Utenos Alus;Utenos;Pale Lager;Lithuania;5;Bottle while cooking;Cool;An okay lager, fairly mild, but not great;;Forward;5;;1;0;;2015-04-02;
377;Svyturys Ekstra;Svyturys;Helles Lager;Lithuania;5.2;Bottle in bed;Cool;Fairly decent, nice lager taste;;Full;7;;1;0;;2015-04-03;
378;Newton's Folly Granny Smith Cider;Vermont Hard Cider Company;Apple Cider;Vermont;5;Glass at desk;Cool;Okay, decent tartness;A little odd;Forward;6;;1;0;;2015-04-05;
379;Utenos Porter;Utenos;Baltic Porter;Lithuania;6.8;Bottle with dinner;Cool;Fairly mild, rather pleasant;;Forward;7;;1;0;;2015-04-05;
380;Highway 128 Blood Orange Gose;Anderson Valley;Gose;California;4.2;Can in bed;Cool;Slightly salty and sweet, strong orange taste, quite pleasant;;Forward;8;;1;0;;2015-04-04;
381;Ephemere Apple;Unibroue;Fruit Ale;Quebec;5.5;Glass in bed;Cool;Kind of unpleasant, odd taste;;Forward;4;;1;0;;2015-04-08;
382;Flying Horse Royal Lager Beer;United Breweries Group;Pale Lager;India;4.7;Bottle at desk;Cool;Meh, lager;;Forward;5;;1;0;;2015-04-09;
383;Taj Mahal;United Breweries Group;Pale Lager;India;4.5;Bottle at desk;Cool;Not particularly great, lagery. I'm not a big fan.;;Forward;4;;1;0;;2015-04-08;
384;Okocim O.K. Beer;Okocim / Carlsberg;Premium Lager;Poland;5.6;Bottle at desk;Cool;Not very pleasant;;Forward;4;;1;0;;2015-04-09;
385;Maharaja Premium Indian Pilsner;United Breweries Group;Pilsner;India;5;Bottle at desk;Cool;An okay lager, pretty mild, decent;;Forward;6;;1;0;;2015-04-07;
386;Hitachino Nest Red Rice Ale;Kiuchi Brewery;Rice Beer;Japan;7;Bottle at desk;Cool;Decent, beery, a little spicy;;Forward;6;;1;0;;2015-04-06;
387;Hitachino Nest White Ale;Kiuchi Brewery;Wit Beer;Japan;5.5;Bottle while cooking;Cool;Okay, but unremarkable;;Forward;6;;1;0;;2015-04-07;
388;Red Poppy Ale;Lost Abbey;Sour Red;California;5;Bottle while cooking;Cool;Fizzy, but otherwise very nice;;Full;10;;1;0;;2015-04-12;
389;JosephsBrau Spring Prost;Gordon Biersch Brewing Company;Heller Bock;California;7.3;Bottle while working;Cool;Not that interesting;;Forward;5;;1;0;;2015-04-11;
390;Xingu;FEMSA;Schwarzbier;Brazil;4.6;Glass at bar with friends;Cool;Decent enough;;Forward;7;;1;0;;2015-04-10;
391;Green Goblin;Thatschers Cider;Apple Cider;England;6;Glass at bar with friends;Cool;Kind of weird sweetness;;Forward;5;;1;0;;2015-04-10;
392;Montejo;Grupo Modelo;Pale Lager;Mexico;4.5;Glass at bar with friends;Cool;Lagery, meh;;Forward;5;;1;0;;2015-04-10;
393;Livivske Mitzne;Lvivska Pivovarnya;Imperial Pilsner;Ukraine;7;Bottle in bed with dinner;Cool;Boozy, not that pleasant, kind of sweet;;Forward;4;;1;0;;2015-04-12;
394;Blackthorn Dry Cider;Magners GB;Apple Cider;England;5;Glass at bar with friend;Cool;A bit too sweet;;Forward;5;;1;0;;2015-04-13;
395;Ommegang Glimmerglass Saison;Ommegang Brewery;Saison Ale;New York;5.4;Glass at bar with friend;Cool;Meh;;Forward;5;;1;0;;2015-04-13;
396;Craftsman Polochic;Craftsman;Saison Ale;California;6.6;Glass at bar with friend;Cool;;;Forward;4;;1;0;;2015-04-13;
397;Dark Red Baltijos;Svyturys;Marzen;Lithuania;5.8;Bottle at desk after bicycling;Cool;Meh, beery;;Forward;5;;1;0;;2015-04-14;
398;Dan Armor Cuvee Speciale Cidre Brut;Cidrere Dujardin Conde-sur-Vire / Agriale;Apple Cider;France;5;Glass with dinner with girlfriend;Cool;Nice and dry, tastes very champagne-like;;Full;7;;1;0;;2015-04-15;
399;Lvivske White Lion;Lvivska Pivovarnya;Wit Beer;Ukraine;4.2;Bottle with dinner with girlfriend;Cool;Not great;;Forward;4;;1;0;;2015-04-16;
400;Lvivske Blonde;Lvivska Pivovarnya;Pale Lager;Ukraine;3.7;Bottle with dinner with girlfriend;Cool;Kind of bad;;Forward;3;;1;0;;2015-04-16;
401;Ace Pear Cider;California Cider Company;Pear Cider;California;5;Bottle with dinner with girlfriend;Cool;Kind of like juice, but okay;;Forward;6;;1;0;;2015-04-19;
402;Velvet / Barhatnoye;Baltika Brewery;Dark Lager;Russia;4.6;Bottle at desk;Cool;Quite nice and mild;;Forward;8;;1;0;;2015-04-17;
403;Lvivske 1715;Lvivska Pivovarnya;Premium Lager;Ukraine;4.7;Bottle at desk;Cool;Not pleasant;;Forward;3;;1;0;;2015-04-20;
404;Kilikia Beer;Yerevan Brewery;Pale Lager;Armenia;4.8;Bottle while cooking;Cool;Lager, uninteresting;;Forward;4;;1;0;;2015-04-21;
405;Kilikia Dark;Yerevan Brewery;Marzen;Armenia;4.4;Bottle at desk;Cool;No;;Forward;3;;1;0;;2015-04-21;
406;Kilikia Tonakan;Yerevan Brewery;Premium Lager;Armenia;5.3;Bottle at desk;Cool;Unpleasant, not nice to drink;;Forward;3;;1;0;;2015-04-20;
407;Yerevan Zhigulyovskoye;Yerevan Brewery;Pale Lager;Armenia;5;Bottle at desk;Cool;Yep, that's pretty unpleasant;;Forward;2;;1;0;;2015-04-20;
408;Dale's Pale Ale;Oskar Blues;Pale Ale;Colorado;6.5;Bottle with spicy food with girlfriend;Cool;Very hoppy, but okay;;Forward;6;;1;0;;2015-04-21;
409;Woodchuck Hopsation;Vermont Hard Cider Company;Apple Cider;Vermont;5;Glass at desk with girlfriend;Cool;Hoppy, dry, rather decent;;Forward;7;;1;0;;2015-04-21;
410;Portage Porter;New Belgium;Porter;Colorado;6;Bottle in bed;Cool;Okay, not fantastic;;Forward;5;;1;0;;2015-04-22;
411;Skinny Dip;New Belgium;Belgian Ale;Colorado;4.2;Bottle while cooking;Cool;Hoppy but uninteresting;;Forward;5;;1;0;;2015-04-22;
412;Braggot Rights;Harpoon Brewery;Honey Ale;Massachusetts;8;Glass at party;Cool;Quite nice balance of sweetness and bitterness;;Forward;8;;1;0;;2015-04-24;
413;Catamount Maple Wheat;Harpoon Brewery;Wheat Ale;Massachusetts;6.8;Glass at party;Cool;Decent;;Forward;6;;1;0;;2015-04-24;
414;Toque and Tonic;Harpoon Brewery;Unknown;Massachusetts;;Glass at party;Cool;;;Forward;5;;1;0;;2015-04-24;
415;Go Long;Harpoon Brewery;Unknown;Massachusetts;;Glass at party;Cool;;;Forward;4;;1;0;;2015-04-24;
416;Boston Irish Stout;Harpoon Brewery;Dry Stout;Massachusetts;4.3;Glass at party;Cool;;;Forward;3;;1;0;;2015-04-24;
417;Summer Beer;Harpoon Brewery;Kolsch;Massachusetts;4.8;Glass at party;Cool;;;Forward;6;;1;0;;2015-04-24;
418;UFO Hefeweizen;Harpoon Brewery;Wheat Ale;Massachusetts;5;Glass at party;Cool;;;Forward;5;;1;0;;2015-04-24;
419;UFO White;Harpoon Brewery;Wit Beer;Massachusetts;4.8;Glass at party;Cool;;;Forward;6;;1;0;;2015-04-24;
420;Hazel Evylyn;Harpoon Brewery;Unknown;Massachusetts;;Glass at party;Cool;Pretty nice;;Forward;7;;1;0;;2015-04-24;
421;Craft Cider;Harpoon Brewery;Apple Cider;Massachusetts;4.8;Glass at party;Cool;Rather sweet, but decent;;Forward;6;;1;0;;2015-04-24;
422;Stone Go To IPA;Stone;Session IPA;California;4.5;Bottle at dinner with girlfriend;Cool;Hoppy but uninteresting;;Forward;5;;1;0;;2015-04-27;
423;Stone IPA;Stone;IPA;California;6.9;Bottle in bed;Cool;Very hoppy, not my favorite;;Forward;4;;1;0;;2015-04-28;
424;Ace Pineapple Cider;California Cider Company;Pineapple Cider;California;5;Glass with dinner with girlfriend;Cool;A bit too sweet, kind of apple-y;;Forward;4;;1;0;;2015-04-29;
425;Anchor Saison;Anchor;Saison Ale;California;7.2;Bottle at desk;Cool;A little fizzy, but nice;;Forward;7;;1;0;;2015-04-27;
426;Harpoon IPA;Harpoon Brewery;IPA;Massachusetts;5.9;Glass at party;Cool;Decent;;Forward;6;;1;0;;2015-04-25;
427;Grey Lady;Cisco Brewers;Wit Beer;Massachusetts;4.5;Glass at party;Cool;;;Forward;6;;1;0;;2015-04-25;
428;Bud Light;Budweiser;Pale Lager;Missouri;4.1;Glass at party;Cool;Drinkable, but unremarkable;;Forward;5;;1;0;;2015-04-25;
429;Zatecky Gus;Baltika Brewery;Czech Pilsner;Russia;4.6;Bottle with dinner with girlfriend;Cool;A decent lager, fine but unremarkable;;Forward;6;;1;0;;2015-05-01;
430;Zatecky Gus Cerny;Baltika Brewery;Schwarzbier;Russia;3.5;Bottle in bed;Cool;Sweet, fairly mild, kind of pleasant;;Forward;6;;1;0;;2015-04-29;
431;Zatecky Gus Lezak;Baltika Brewery;Czech Pilsner;Russia;5;Bottle at desk;Cool;Fairly mild, rather pleasant;;Forward;6;;1;0;;2015-04-30;
432;Baltika 0;Baltika Brewery;Unknown;Russia;0.5;Bottle at desk;Cool;Meh;;Forward;4;;1;0;;2015-05-03;
433;Baltika 2;Baltika Brewery;Pale Lager;Russia;4.7;Bottle at desk;Cool;Meh;;Forward;4;;1;0;;2015-05-03;
434;Baltika 3;Baltika Brewery;Pale Lager;Russia;4.8;Bottle at desk;Cool;Kind of harsh, not great;;Forward;5;;1;0;;2015-04-30;
435;Baltika 4;Baltika Brewery;Dunkel;Russia;5.6;Bottle in bed;Cool;A little thin and soda-like;;Forward;5;;1;0;;2015-05-02;
436;Bayerischer Bahnhof Leipziger Gose;Gasthaus Gayerischer Bahnhof;Gose;Germany;4.6;Glass at party;Cool;Rather thin, uninteresting;;Forward;4;;1;0;;2015-04-30;
437;Aecht Schlenkerla Fastenfier;Braueri Heller;Smoked Lager;Germany;5.5;Glass at party;Cool;Decent;;Forward;5;;1;0;;2015-04-30;
438;Anthem Pear;Wandering Aengus Ciderworks;Perry;Oregon;6.2;Glass with dinner with girlfriend;Cool;Kind of nice sweetness, decent;;Forward;7;;1;0;;2015-05-03;
439;Baltika 6;Baltika Brewery;Porter;Russia;7;Bottle at desk;Cool;Fairly decent, nice and rich;;Forward;7;;1;0;;2015-05-05;
440;Baltika 8;Baltika Brewery;German Hefeweizen;Russia;5;Bottle at desk;Cool;Fairly decent, decent sweetness;;Forward;6;;1;0;;2015-05-04;
441;Baltika 9;Baltika Brewery;Imperial Pilsner;Russia;8;Bottle at desk;Cool;Boozy, kind of unpleasant, sweet edge;;Forward;4;;1;0;;2015-05-05;
442;Rogue Chipotle Ale;Rogue;Spiced Ale;Oregon;5.5;Bottle at desk;Cool;Sweet, spicy, a bit odd though;;Forward;7;;1;0;;2015-05-08;
443;Black Market Hefeweizen;Black Market Brewing Company;Hefeweizen;California;5;Glass at dinner with friends;Cool;Rather nice;;Forward;8;;1;0;;2015-05-08;
444;Obolon Magnat;Obolon;Pale Lager;Ukraine;5.2;Bottle in bed;Cool;Pretty bad, metallic taste;;Forward;2;;1;0;;2015-05-09;
445;Yorkshire Stingo;Samuel Smith;Strong Ale;England;9;Bottle at dinner with girlfriend;Cool;Extremely nice, rich taste. A little dry at times but great;;Full;9;;1;0;;2015-05-06;
446;HaandBryggeriet Dark Force;HaandBryggeriet;Imperial Stout;Norway;9;Bottle at dinner with girlfriend;Cool;Excessively sweet, odd boozy taste;;Forward;5;;1;0;;2015-05-07;
447;Shakespeare Oatmeal Stout;Rogue;Stout;Oregon;6;Bottle in bed;Cool;Pleasant, but not great;Pretty weird;Forward;5;;1;0;;2015-05-09;
448;Reverend Nat's Hallelujah Hopricot;Reverend Nat's Hard Cider;Apple Cider;Oregon;6.5;Bottle at dinner with girlfriend;Cool;Very pleasant blend and sourness;;Forward;9;;1;0;;2015-05-09;
449;Baltika 5;Baltika Brewery;Pale Lager;Russia;5.3;Bottle while cooking;Cool;Meh;;Forward;5;;1;0;;2015-05-10;
450;Baltika 7;Baltika Brewery;Pale Lager;Russia;5.4;Bottle in bed;Cool;Slightly off lager taste, meh;;Forward;5;;1;0;;2015-05-10;
451;Lips of Faith Cocoa Mole;New Belgium;Spiced Porter;Colorado;9;Bottle in bed;Cool;Spicy, rich, boozy feel;;Forward;8;;1;0;;2015-05-11;
452;Rear Republic Racer 5 IPA;Bear Republic;IPA;California;7.5;Bottle in bed;Cool;Nice sweetness but excessively hoppy;;Forward;5;;1;0;;2015-05-11;
453;Rogue Chocolate Stout;Rogue;Sweet Stout;Oregon;6.3;Bottle while cooking;Cool;Unpleasant edge;;Forward;5;;1;0;;2015-05-12;
454;Anthem Cider;Wandering Aengus Ciderworks;Apple Cider;Oregon;6;Bottle with spicy food with girlfriend;Cool;A bit too sweet;;Forward;5;;1;0;;2015-05-12;
455;Trois Pistoles;Unibroue;Quadrupel;Quebec;9;Bottle with dinner with girlfriend;Cool;Decent, some spice but not super-remarkable;;Forward;7;;1;0;;2015-05-13;
456;Aspall Dry English Cider;Aspall Cyder;Apple Cider;England;6.8;Glass in bed;Cool;Kind of odd;;Forward;5;;1;0;;2015-05-15;
457;Summer Solstice;Anderson Valley;Spiced Ale;California;5;Can as party;Cool;Meh;;Forward;6;;1;0;;2015-05-15;
458;Summerfest;Sierra Nevada;Pilsner;California;5;Bottle at party;Cool;;;Forward;5;;1;0;;2015-05-15;
459;Mana Wheat;Maui Brewing;Fruit Ale;Hawaii;5.5;Can at restaurant;Cool;;;Forward;5;;1;0;;2015-05-16;
460;La Terrible;Unibroue;Quadrupel;Quebec;10.5;Bottle with spicy food;Cool;Molassy, but a bit too sweet;;Forward;5;;1;0;;2015-05-17;
461;Tieton Cider Works Blend Cider;Tieton Cider Works;Apple Cider;Washington;7;Glass at dinner with girlfriend;Cool;Light, but nice dryness;;Forward;7;;1;0;;2015-05-18;
462;The Kimmie, The Yink, and the Holy Gose;Anderson Valley;Gose;California;4.2;Can in bed;Cool;Nice and tart;Slightly salty;Forward;9;;1;0;;2015-05-18;
463;Cali-Belgique IPA;Stone;IPA;California;6.9;Bottle in bed;Cool;Very hoppy, meh;;Forward;5;;1;0;;2015-05-19;
464;Don de Dieu;Unibroue;Belgian Ale;Quebec;9;Bottle while cooking;Cool;Meh;;Forward;5;;1;0;;2015-05-19;
465;Fat Tire;New Belgium;Amber Ale;Colorado;5.2;Bottle in bed;Cool;Quite decent, full taste;Beery;Forward;7;;1;0;;2015-05-20;
466;Blue Moon;Coors;Wit Beer;Colorado;5.4;Bottle in bed;Cool;Kind of off, not great;;Forward;4;;1;0;;2015-05-20;
467;Samuel Adams Summer Ale;Boston Beer Company;Wheat Ale;Massachusetts;5.3;Bottle in bed;Cool;Not super great;;Forward;4;;1;0;;2015-05-21;
468;Red Tail;Mendocino;Amber Ale;California;6;Bottle with spicy food;Cool;Very hoppy and kind of off;;Forward;4;;1;0;;2015-05-21;
469;Newton's Folly Draft Cider;Vermont Hard Cider Company;Apple Cider;Vermont;5;Bottle in bed;Cool;Tastes like apple juice;;Forward;5;;1;0;;2015-05-21;
470;Le Terroir;New Belgium;Wild Ale;Colorado;7.5;Glass at bar with friends;Cool;;;Forward;7;;1;0;;2015-05-22;
471;Hullabaloo Winter Beer;Hanger 24;Scottish Ale;California;6.5;Glass at bar with friends;Cool;;;Forward;7;;1;0;;2015-05-22;
472;Moritz;Cervezas Moritz;Pale Lager;Spain;5.4;Glass at bar with friends;Cool;;;Forward;5;;1;0;;2015-05-22;
473;Eye of the Hawk;Mendocino;Strong Ale;California;8;Bottle in bed;Cool;;;Forward;8;;1;0;;2015-05-23;
474;Reverend Nat's Deliverance Ginger Tonic;Reverend Nat's Hard Cider;Apple Cider;Oregon;6.9;Thermos at concert;Cool;;;Forward;3;;1;0;;2015-05-24;
475;Black Toad Distinctive Dark Ale;Gordon Biersch Brewing Company;Brown Ale;California;5.3;Bottle at dinner with girlfriend;Cool;Quite nice, rich taste;;Forward;8;;1;0;;2015-05-26;
476;Finnriver Pear Cider;Finnriver Cidery;Perry;Washington;6.5;Glass at dinner with girlfriend;Cool;A bit too sweet but good;;Forward;7;;1;0;;2015-05-28;
477;Primator Double Bock;Pivovar Nachod;Doppelbock;Czech Republic;10.5;Glass in bed;Cool;;;Forward;4;;1;0;;2015-05-29;
478;Alaskan Smoked Porter;Alaskan Brewing Company;Smoked Porter;Alaska;6.5;Glass at bar;Cool;;;Forward;6;;1;0;;2015-05-31;
479;Simpler Times Pilsner;Minhas Craft Brewery;Pilsner;Wisconsin;5.5;Can in bed;Cool;Pretty bad, fizzy taste;;Forward;3;;1;0;;2015-06-01;
480;Name Tag / Red Oval;Minhas Craft Brewery;Pale Lager;Wisconsin;6;Can at dinner;Cool;Meh;;Forward;4;;1;0;;2015-06-01;
481;Hell or High Watermelon;21st Amendment Brewery;Fruit Ale;California;4.9;Can in bed;Cool;Pretty off, not pleasant;;Forward;3;;1;0;;2015-06-02;
482;Firestone Walker 805;Firestone Walker;Blond Ale;California;4.7;Can in bed;Cool;Meh;;Forward;4;;1;0;;2015-06-02;
483;Mississippi Mud Black & Tan;FX Matt Brewing Company;Porter;New York;5;Glass in bed;Cool;Thin taste, not great;;Forward;4;;1;0;;2015-06-03;
484;Primator Premium Lager;Pivovar Nachod;Czech Pilsner;Czech Republic;5;Bottle in bed;Cool;Uninteresting but okay;;Forward;6;;1;0;;2015-06-03;
485;Budweiser;Budweiser;Pale Lager;Missouri;5;Can at concert;Cool;Meh;;Forward;5;;1;0;;2015-06-03;
486;Primator Hefeweizen;Pivovar Nachod;Hefeweizen;Czech Republic;5;Bottle at desk;Cool;Not great;;Forward;4;;1;0;;2015-06-05;
487;Primator Premium Dark Lager;Pivovar Nachod;Tmavy;Czech Republic;4.8;Bottle at bed;Cool;Meh;;Forward;6;;1;0;;2015-06-04;
488;Full Sail Session Black Lager;Full Sail;Dunkel;Oregon;5.4;Bottle in bed;Cool;Pretty rich, decent;;Forward;7;;1;0;;2015-06-05;
489;Full Sail Amber Ale;Full Sail;Amber Ale;Oregon;5.5;Bottle in bed;Cool;Good but not too remarkable;;Forward;7;;1;0;;2015-06-06;
490;Full Sail Session Premium Lager;Full Sail;Premium Lager;Oregon;5.2;Bottle in bed;Cool;Pretty typical lager;;Forward;5;;1;0;;2015-06-06;
491;Sahtea;Dogfish Head;Sahti;Delaware;9;Glass at dinner with friends;Cool;Very interesting taste;;Forward;9;;1;0;;2015-06-09;
492;Finnriver Dry Hopped Cider;Finnriver Cidery;Apple Cider;Washington;6.5;Glass at dinner with friends;Cool;;;Forward;6;;1;0;;2015-06-09;
493;Finnriver Black Currant;Finnriver Cidery;Apple Cider;Washington;6.5;Glass at dinner with friends;Cool;;;Forward;8;;1;0;;2015-06-09;
494;Kennebunkport Porter;Kennebunkport Brewing Company;Porter;Maine;5.6;Bottle in bed;Cool;Okay;;Forward;6;;1;0;;2015-06-10;
495;Angel City Angelino IPA;Angel City;IPA;California;6.1;Glass at bar;Cool;Pretty decent taste;;Forward;7;;1;0;;2015-06-11;
496;Kennebunkport IPA;Kennebunkport Brewing Company;IPA;Maine;6;Bottle while cooking;Cool;Meh;;Forward;5;;1;0;;2015-06-12;
497;West Avenue Heritage Dry Cider;West Avenue Cider;Apple Cider;Ontario;6.2;Glass at bar with friends;Cool;A little too sweet but overall nice;;Forward;6;;1;0;;2015-06-13;
498;Bellwoods Brown Porter;Bellwoords Brewery;Porter;Ontario;5.2;Glass at bar with friends;Cool;Decent;;Forward;7;;1;0;;2015-06-13;
499;Steam Whistle Pilsner;Steam Whistle Brewing;Pilsner;Ontario;5;Glass at party;Cool;Meh;;Forward;5;;1;0;;2015-06-14;
500;Alexander Kieth's IPA;Alexander Kieth's;IPA;Nova Scotia;5;Glass at party;Cool;Okay but uninteresting;;Forward;6;;1;0;;2015-06-14;
501;Kennebunkport Blueberry Wheat Ale;Kennebunkport Brewing Company;Fruit Ale;Maine;4.7;Bottle in bed;Cool;Kind of okay;Pretty weird;Forward;4;;1;0;;2015-06-17;
502;Figueroa Mountain Danish Red Lager;Figueroa Mountain Brewing;Amber Lager;California;5;Glass at bar with friends;Cool;Decent enough;;Forward;6;;1;0;;2015-06-19;
503;Rockmill Brewing Saison Noir;Rockmill Brewing;Saison Ale;Ohio;8;Glass at bar with friends;Cool;Decent;;Forward;7;;1;0;;2015-06-25;
504;Rockmill Brewing Witbier;Rockmill Brewing;Wit Beer;Ohio;6;Glass at bar with friends;Cool;Okay;;Forward;6;;1;0;;2015-06-25;
505;Saint Archer White Ale;Saint Archer;Wit Beer;California;5;Glass at dinner with girlfriend;Cool;Okay;;Forward;6;;1;0;;2015-06-28;
506;Devil's Canyon Thomas Morgan Amber Ale;Devils Canyon;Amber Ale;California;5.4;Glass at dinner with friends;Cool;Meh;;Forward;5;;1;0;;2015-06-30;
507;Boonvile Bite Hard Cider;Boonville Cider House;Apple Cider;California;6.9;Bottle at bar with friends;Cool;Decent;;Forward;7;;1;0;;2015-06-30;
508;North Coast Old No 38 Stout;North Coast;Dry Stout;California;5.6;Bottle at bar with friends;Cool;Quite nice;;Forward;8;;1;0;;2015-06-30;
509;Buffalo Bills Ricochet Red;Buffalo Bills Brewery;California Common;California;6.9;Glass at dinner with friends;Cool;Fine;;Forward;7;;1;0;;2015-07-02;
510;Johnny Midnight Oatmeal Stout;Buffalo Bills Brewery;Stout;California;7.5;Glass at dinner with friends;Cool;Meh;;Forward;5;;1;0;;2015-07-02;
511;Alaskan Summer Ale;Alaskan Brewing Company;Kolsch;Alaska;5.3;Bottle at party;Cool;Pretty nice;;Forward;8;;1;0;;2015-07-04;
512;Old Rasputin;North Coast;Imperial Stout;California;9;Glass in bed;Cool;Very hoppy, full taste;;Forward;6;;1;0;;2015-07-06;
513;90 Minute IPA;Dogfish Head;Imperial IPA;Delaware;9;Glass at lunch with friends;Cool;Hoppy but good;;Forward;8;;1;0;;2015-07-09;
514;Boont Amber Ale;Anderson Valley;Amber Ale;California;5.8;Bottle at dinner with girlfriend;Cool;Okay;;Forward;6;;1;0;;2015-07-10;
515;Calicraft Oaktown Brown Ale;Calicraft;Brown Ale;California;6.7;Glass after exercise with friends;Cool;Pretty nice;;Forward;7;;1;0;;2015-07-11;
516;Firestone Easy Jack IPA;Firestone Walker;Session IPA;California;4.7;Can at dinner with girlfriend;Cool;Decent, very hoppy;;Forward;6;;1;0;;2015-07-13;
517;El Guero;Ol' Burro Brewery;Blond Ale;California;4.8;Can at desk;Cool;Rather nice, pleasant taste;A bit odd, but minor;Forward;7;;1;0;;2015-07-14;
518;Ale Industries Rye'd Piper;Ale Industries;Red Ale;California;5.8;Glass at bar with friends;Cool;Fairly decent, full taste;;Forward;7;;1;0;;2015-07-14;
519;PranQster Belgian;North Coast;Belgian Ale;California;7.6;Glass at bar with friends;Cool;Okay, not remarkable;;Forward;6;;1;0;;2015-07-14;
520;Point the Way IPA;Golden Road;IPA;California;5.9;Can at dinner with girlfriend;Cool;Pretty decent, nice level of hoppiness;;Forward;8;;1;0;;2015-07-15;
521;Almanac Golden Gate Gose;Almanac Beer Company;Gose;California;5;Bottle at dinner with girlfriend;Cool;Okay;Weird;Forward;6;;1;0;;2015-07-16;
522;Barney Flats Oatmeal Stout;Anderson Valley;Stout;California;5.8;Bottle at desk;Cool;Quite nice, full taste;;Forward;9;;1;0;;2015-07-17;
523;Stone Pale Ale;Stone;Pale Ale;California;5.4;Bottle at party with friends;Cool;Fairly straightforward;;Forward;6;;1;0;;2015-07-18;
524;Deschutes Jubel 2015;Deschutes Brewery;Strong Ale;Oregon;10.4;Bottle at party with friends;Cool;Quite rich taste, pretty interesting;;Forward;8;;1;0;;2015-07-18;
525;Lagunitas Equinox Ale;Lagunitas;Strong Ale;California;8;Bottle at desk;Cool;Too hoppy, not great;;Forward;5;;1;0;;2015-07-20;
526;Stella Artois;InBev;Pale Lager;Belgium;5.2;Bottle at desk;Cool;Meh, unpleasant lager;;Forward;4;;1;0;;2015-07-22;
527;Brother David's Triple Abbey Style Ale;Anderson Valley;Tripel;California;10;Bottle at desk;Cool;Very boozy but not great;;Forward;6;;1;0;;2015-07-22;
528;Speakeasy Tallulah XPA;Speakeasy;Pale Ale;California;5.6;Bottle with dinner eating spicy food;Cool;Meh;;Forward;5;;1;0;;2015-07-25;
529;Speakeasy Big Daddy IPA;Speakeasy;IPA;California;6.5;Bottle with dinner eating spicy food;Cool;Very hoppy, not great;;Forward;5;;1;0;;2015-07-25;
530;Wunderbier;Ninkasi;Kolsch;Oregon;4.4;Bottle at desk;Cool;Fine, not too interesting;;Forward;6;;1;0;;2015-07-25;
531;Drake's Black Robusto;Drake's Brewing Company;Porter;California;6.3;Bottle at desk;Cool;Not a fan;;Forward;4;;1;0;;2015-07-27;
532;Total Domination;Ninkasi;IPA;California;6.7;Bottle with dinner with girlfriend;Cool;Very hoppy, but decent;;Forward;7;;1;0;;2015-07-29;
533;Calicraft Cali Coeast;Calicraft;Kolsch;California;4.8;Bottle at desk;Cool;Fairly decent, nothing too remarkable;;Forward;7;;1;0;;2015-07-31;
534;Calicraft The City;Calicraft;IPA;California;6.4;Bottle in bed;Cool;Hoppy but not great;;Forward;5;;1;0;;2015-07-31;
535;Sierra Nevada Oktoberfest;Sierra Nevada;Marzen;California;5.4;Bottle at dinner;Cool;Fairly good;;Forward;7;;1;0;;2015-08-05;
536;Eel River Certified Organic Amber Ale;Eel River;Amber Ale;California;4.8;Bottle at desk;Cool;Meh;;Forward;6;;1;0;;2015-08-07;
537;Samuel Adams Cold Snap;Boston Beer Company;Wit Beer;Massachusetts;5.3;Bottle at desk;Cool;Fine but unremarkable;;Forward;6;;1;0;;2015-08-10;
538;Samuel Adams Octoberfest;Boston Beer Company;Marzen;Massachusetts;5.3;Bottle with dinner;Cool;Pretty decent;;Forward;7;;1;0;;2015-08-09;
539;329 Lager;Golden Road;Premium Lager;California;4.8;Can in bed;Cool;Not great;;Forward;4;;1;0;;2015-08-11;
540;Anchor California Lager;Anchor;Premium Lager;California;4.9;Cup at bar with friends;Cool;;;Forward;6;;1;0;;2015-08-12;
541;Anchor Porter;Anchor;Porter;California;5.6;Cup at bar with friends;Cool;Pretty decent;;Forward;8;;1;0;;2015-08-12;
542;Anchor Luxardo Cherry Ale;Anchor;Brown Ale;California;6;Cup at bar with friends;Cool;;;Forward;5;;1;0;;2015-08-12;
543;Anchor Big Leaf Maple;Anchor;Red Ale;California;6;Cup at bar with friends;Cool;;;Forward;7;;1;0;;2015-08-12;
544;The Original Hard Apple Cider;Square Mile;Apple Cider;Oregon;6.7;Glass at dinner with girlfriend;Cool;Too sweet, not great;;Forward;5;;1;0;;2015-08-15;
545;Palo Santo Marron;Dogfish Head;Strong Ale;Delaware;12;Bottle at dinner with girlfriend;Cool;Very boozy and sweet, but kind of weird;;Forward;5;;1;0;;2015-08-17;
546;Henney's Vintage Still Cider;Henney's Cider;Apple Cider;England;6.5;Glass at dinner with girlfriend;Cool;Kind of nice, kind of odd;;Forward;6;;1;0;;2015-08-21;
547;1881 Indigenous California Red Ale;Ruhstaller;Amber Ale;California;5.6;Glass at dinner with girlfriend;Cool;Decent;;Forward;6;;1;0;;2015-08-18;
548;Lips of Faith Pear Ginger;New Belgium;Spice Beer;Colorado;7;Glass at dinner with girlfriend;Cool;Boozy, kind of weird but decent;;Forward;6;;1;0;;2015-08-22;
549;Bios Vlaamse Bourgogne;Van Steenberge;Sour Red;Belgium;5.5;Bottle at dinner with girlfriend;Cool;Good;Really weird and off;Forward;5;;1;0;;2015-08-24;
550;Prairie Standard;Prairie Artisian Ale;Saison Ale;Oklahoma;5.6;Bottle at dinner;Cool;Very hoppy but quite nice;;Forward;8;;1;0;;2015-08-25;
551;Gouden Carolus Tripel;Het Anker;Tripel;Belgium;9;Bottle at dinner;Cool;Boozy, decent but not great;;Forward;6;;1;0;;2015-08-26;
552;Drake's Aroma Coma IPA;Drake's Brewing Company;IPA;California;6.75;Bottle at desk;Cool;Extremely hoppy, hard to taste much else;;Forward;5;;1;0;;2015-08-28;
553;Hitachio Nest Espresso Stout;Kiuchi Brewery;Stout;Japan;7.5;Bottle at desk;Cool;Decent;;Forward;6;;1;0;;2015-08-30;
554;Kampai Smash;Rubicon;Amber Ale;California;6.7;Glass at bar with girlfriend;Cool;Pretty nice, sweet;;Forward;7;;1;0;;2015-08-29;
555;Exquisite Kolsch;Ruhstaller;Kolsch;California;5;Bottle at dinner with girlfriend;Cool;Quite nice taste;;Forward;8;;1;0;;2015-08-31;
556;Drake's Denogginizer;Drake's Brewing Company;Imperial IPA;California;9.75;Bottle at dinner with girlfriend;Cool;Decent;;Forward;7;;1;0;;2015-09-01;
557;Calabaza Boreal;Anchorage Brewing Company;Saison Ale;Alaska;7;Bottle at dinner with girlfriend;Cool;Pretty nice;;Forward;7;;1;0;;2015-09-02;
558;Anchorage Whiteout Wit Beer;Anchorage Brewing Company;Wit Beer;Alaska;8;Bottle at dinner with girlfriend;Cool;Nice and citrus;;Forward;8;;1;0;;2015-09-03;
559;Anchor Meyer Lemon Lager;Anchor;Fruit Lager;California;4.5;Can while cooking;Cool;Okay but not great;;Forward;6;;1;0;;2015-09-05;
560;Petrus Aged Pale;Bavik-De Bradendere;Sour Ale;Belgium;7.3;Bottle while cooking;Cool;Vinegary, not great;;Forward;5;;1;0;;2015-09-05;
561;Long Table;New Belgium;Saison Ale;Colorado;6.2;Bottle at dinner with girlfriend;Cool;Meh;;Forward;5;;1;0;;2015-09-07;
562;Brother Thelonious;North Coast;Strong Ale;California;9.4;Bottle at dinner;Cool;Too boozy, not great;;Forward;4;;1;0;;2015-09-08;
563;Alameda Island Uncommon Common;Alameda Island;Traditional Ale;California;5.7;Glass at bar with girlfriend;Cool;Rather nice;;Forward;7;;1;0;;2015-09-11;
564;Ol' Burro Favorable Stout;Golden Road;Stout;California;6.1;Can at desk;Cool;Pretty thin;;Forward;4;;1;0;;2015-09-12;
565;Down To Earth;21st Amendment Brewery;Session IPA;California;4.4;Can at dinner with girlfriend;Cool;Not pleasant;;Forward;4;;1;0;;2015-09-16;
566;Crispin Artisanal Reserve The Saint;Crispin Cider Company;Apple Cider;Minnesota;6.9;Glass in bed with girlfriend;Cool;Rather nice;;Forward;8;;1;0;;2015-09-19;
567;Lucky Buddha;Lucky Drink Company;Pale Lager;China;4.8;Bottle in bed;Cool;A bit too sweet, otherwise boring lager;;Forward;5;;1;0;;2015-09-20;
568;Strand Batch 100 Stout;Strand Brewing Company;Stout;California;7.5;Glass at dinner with girlfriend;Cool;Quite nice and rich;;Forward;8;;1;0;;2015-09-21;
569;Abita Strawgator;Abita;Fruit Lager;Louisiana;8;Glass at dinner with girlfriend;Cool;Decent;;Forward;6;;1;0;;2015-09-22;
570;Abita Andygator;Abita;Doppelbock;Louisiana;8;Glass at dinner with girlfriend;Cool;Decent taste;;Forward;7;;1;0;;2015-09-23;
571;Echigo Koshihikari;Echigo;Rice Beer;Japan;5;Bottle in bed;Cool;Unremarkable but fine;;Forward;6;;1;0;;2015-09-25;
572;BrightCider;2 Towns Ciderhouse;Apple Cider;Oregon;8;nd;Cool;Quite nice, crisp;;Forward;8;;1;0;;2015-09-24;
573;Lagunitas Imperial Stout;Lagunitas;Imperial Stout;California;9.9;Glass at dinner with girlfriend;Cool;Rich, boozy;;Forward;8;;1;0;;2015-09-25;
574;Ryan and the Beaster Bunny;Evil Twin;Saison Ale;New York;7;Glass at dinner with friends;Cool;Okay;;Forward;6;;1;0;;2015-09-29;
575;Lost Coast Great White;Lost Coast;Wit Beer;California;4.8;Glass at dinner with girlfriend;Cool;Fine;;Forward;6;;1;0;;2015-09-29;
576;Lagunitas Imperial Pils;Lagunitas;Imperial Pilsner;California;8.3;Bottle at dinner with girlfriend;Cool;Too hoppy, meh;;Forward;5;;1;0;;2015-09-30;
577;Sierra Nevada Nooner Pilsner;Sierra Nevada;Pilsner;California;5.2;Bottle at desk;Cool;Don't care for it;;Forward;4;;1;0;;2015-10-01;
578;William Sharvatt's London Velvet;Thomas Hardy Burtonwood;Porter;England;5;Glass at dinner with girlfriend;Cool;Pretty unpleasant;;Forward;3;;1;0;;2015-10-01;
579;Echigo Premium Red Ale;Echigo;Amber Ale;Japan;5.5;Bottle at desk;Cool;Don't care for it;;Forward;4;;1;0;;2015-10-02;
580;Spigha Cafe Ole;Spigha;Porter;Spain;6.5;Glass at bar with friend;Cool;Nice and rich;;Forward;8;;1;0;;2015-10-04;
581;Hogan's Medium Cider;Hogan's Cider;Apple Cider;England;5.4;Glass at dinner with girlfriend;Cool;Meh;;Forward;5;;1;0;;2015-10-04;
582;Nukin' Futz;Track 7;Porter;California;7.3;Glass at dinner with girlfriend;Cool;Decent, kind of sweet;;Forward;7;;1;0;;2015-10-06;
583;Clown Shoes Miracle IPA;Clown Shoes;IPA;Massachusetts;5.5;Glass at dinner with friends;Cool;Meh;;Forward;5;;1;0;;2015-10-07;
584;Abita SOS;Abita;Strong Pale Lager;Louisiana;7;Glass at dinner with girlfriend;Cool;Meh;;Forward;5;;1;0;;2015-10-08;
585;Salty Scot;Parallel 49;Scotch Ale;British Columbia;7.5;Glass at desk;Cool;Don't like it;;Forward;4;;1;0;;2015-10-09;
586;St. Amand French Country Ale;Castelian;Biere de Garde;France;5.9;Glass at dinner with girlfriend;Cool;Quite nice;;Forward;8;;1;0;;2015-10-09;
587;Snakebite;T W Pitchers;Radler;California;5.1;Glass at party with friends;Cool;Decent sweetness fairly pleasant;;Forward;7;;1;0;;2015-10-10;
588;Fortunate Island;Modern Times;Wheat Ale;California;4.8;Glass at party with friends;Cool;Orange but unpleasant;Kind of strange;Forward;5;;1;0;;2015-10-10;
589;Okto Festival Ale;Widmer;Amber Ale;Oregon;5.3;Glass at party with friends;Cool;A little too sweet but overall nice;;Forward;6;;1;0;;2015-10-10;
590;Grand-Am;Bear Republic;Pale Ale;California;6;Glass at party with friends;Cool;Fine but unremarkable;;Forward;6;;1;0;;2015-10-10;
591;Mirror Pond Pale Ale;Deschutes Brewery;Pale Ale;Oregon;5;Bottle at party with friends;Cool;;;Forward;7;;1;0;;2015-10-10;
592;Crooked Line Cockeyed Cooper;Uinta;Barley Wine;Utah;11.1;Glass at party with friends;Cool;Very nice;;Forward;8;;1;0;;2015-10-10;
593;Old Boy Classic;Parallel 49;Brown Ale;British Columbia;5;Glass at dinner with girlfriend;Cool;Not great;;Forward;4;;1;0;;2015-10-13;
594;Traquair House Ale;Traquair House;Scotch Ale;Scotland;7.2;Bottle at desk;Cool;Pretty rich but not fantastic;;Forward;7;;1;0;;2015-10-14;
595;Crooked Line Labyrinth;Uinta;Imperial Porter;Utah;13.2;Glass at dinner with girlfriend;Cool;Very boozy, licorice, but not my favorite;;Forward;5;;1;0;;2015-10-15;
596;Sidra Natural Bereziartua;Sidreria Bereziartua;Apple Cider;Spain;6;Glass at dinner with girlfriend;Cool;;;Forward;6;;1;0;;2015-10-16;
597;Drake's Red Eye;Drake's Brewing Company;Amber Ale;California;6.5;Glass at dinner with friends;Cool;;;Forward;6;;1;0;;2015-10-18;
598;Drake's Black Robusto;Drake's Brewing Company;Porter;California;6.3;Glass at dinner with friends;Cool;Pretty good, rich taste;;Forward;8;;1;0;;2015-10-18;
599;Baba Black Lager;Uinta;Schwarzbier;Utah;4;Can at desk;Cool;Fine, not great;;Forward;6;;1;0;;2015-10-18;
600;Hop Nosh IPA;Uinta;IPA;Utah;7.3;Can at dinner with girlfriend;Cool;Fine;;Forward;6;;1;0;;2015-10-19;
601;Detour Double IPA;Uinta;Imperial IPA;Utah;9.5;Can at dinner with girlfriend;Cool;Too hoppy, meh;;Forward;5;;1;0;;2015-10-19;
602;Cerveza Imperial;Florida Bebidas;Pale Lager;Costa Rica;4.6;Can at desk;Cool;Not great;;Forward;4;;1;0;;2015-10-20;
603;Golden State Mighty Dry Cider;Golden State Cider;Apple Cider;California;6.9;Glass at dinner with girlfriend;Cool;Nice and tart;;Forward;8;;1;0;;2015-10-21;
604;All Day IPA;Founders Brewing Company;Session IPA;Michigan;4.7;Can at desk;Cool;Very hoppy, meh;;Forward;4;;1;0;;2015-10-23;
605;Hipster Ale;Evil Twin;Pale Ale;New York;5.5;Can at desk;Cool;Hoppy, unbalanced, don't care for it;;Forward;4;;1;0;;2015-10-24;
606;Dirty Bastard;Founders Brewing Company;Scotch Ale;Michigan;8.5;Bottle at desk;Cool;Quite nice and rich, licorice taste;;Forward;9;;1;0;;2015-10-25;
607;Bordelet Sidre Tendre;Cidriculteur Eric Bordelet;Apple Cider;France;4;Glass at dinner with girlfriend;Cool;Sweet, fine but not great;;Forward;6;;1;0;;2015-11-13;
608;J.K.'s Scrumpy Orchard Gate Hard Cider;Almar Orchards;Apple Cider;Michigan;6;Can at dinner with girlfriend;Cool;Sweet and balanced, very nice;;Forward;8;;1;0;;2015-11-10;9
609;Captain Stout;Alpine Beer Company;Stout;California;6;Glass at bar with friend;Cool;A little thin;;Forward;6;;1;0;;2015-11-08;
610;Woodfour Sour Farmhouse;Woodfour;Sour Ale;California;4.75;Glass at bar with friend;Cool;Pretty nice taste;;Forward;8;;1;0;;2015-11-08;
611;J.K.'s Northern Neighbour;Almar Orchards;Apple Cider;Michigan;5.5;Can at dinner with girlfriend;Cool;A little too sweet but overall nice;;Forward;7;;1;0;;2015-11-20;
612;Founder's Porter;Founders Brewing Company;Porter;Michigan;6.5;Bottle at dinner with girlfriend;Cool;Kind of thin, meh;;Forward;4;;1;0;;2015-11-24;
613;Upslope Blood Orange Saison;Upslope Brewing Comany;Saison Ale;Colorado;6;Glass at dinner with friends;Cool;Not particularly interesting;;Forward;5;;1;0;;2015-11-27;
614;Toaster Pastry;21st Amendment Brewery;IPA;California;7.6;Can at dinner;Cool;Pretty unpleasant hops and sweetness;;Forward;4;;1;0;;2015-12-06;
615;Sonoma Farmhouse Hop Stoopid;Lagunitas;Imperial IPA;California;8;Glass at dinner with girlfriend;Cool;Very hoppy, not my preference;;Forward;5;;1;0;;2015-12-21;
616;Possmann Pure Cider;Kelterei Possman;Apple Cider;Germany;5;Glass at dinner with girlfriend;Cool;Fine, not too remarkable;;Forward;6;;1;0;;2015-12-18;
617;Red Betty Spiced Pumpkin Ale;Central City;Spiced Ale;British Columbia;5;Glass at dinner with girlfriend;Cool;Did not care for this;;Forward;3;;1;0;;2015-12-17;
618;Apricot Blonde Sour;BarrelHouse Brewing Company;Wild Ale;California;6.7;Glass at dinner with girlfriend;Cool;Pretty decent sour but not fantastic;;Forward;7;;1;0;;2015-12-12;
619;Devoto Cidre Noir;Devoto Orchards;Apple Cider;California;6.9;Glass at party with friends;Cool;Not that nice of a cider;;Forward;4;;1;0;;2015-12-05;
620;Salted Caramel Brownie Brown Ale;New Belgium;Brown Ale;Colorado;6.25;Bottle at party with friends;Cool;Meh, not that nice;;Forward;4;;1;0;;2015-12-05;
621;1976 Cider;Devoto Orchards;Apple Cider;California;6.9;Glass at dinner with girlfriend;Cool;I don't particularly care for it;;Forward;4;;1;0;;2015-12-09;
622;Thistly Cross Whisky Cask;Thistly Cross Cider;Apple Cider;Scotland;6.9;Bottle;Cool;A bit too sweet, but okay;;Forward;6;;1;0;;2015-11-10;
623;Punkin Ale;Dogfish Head;Spiced Ale;Delaware;7;Bottle;Cool;Pleasant and rich taste, kind of nutty;;Forward;8;;1;0;;2015-11-12;
624;Sixty-One;Dogfish Head;Fruit Ale;Delaware;6.5;Bottle;Cool;Fairly nice;;Forward;7;;1;0;;2015-11-15;
625;Bikini Beer;Evil Twin;Saison Ale;New York;2.7;Can;Cool;;;Forward;4;;1;0;;2015-11-17;
626;Amager Rugporter;Amager Bryghus;Imperial Porter;Denmark;8.5;Bottle at dinner;Cool;Weird sweetness;;Forward;3;;1;0;;2015-12-02;
627;Scarletts Red Rye Ale;Speakeasy;Specialbeer;California;5.5;Bottle at party with girlfriend;Cool;Don't like it;;Forward;4;;1;0;;2015-12-24;
628;Briney Melon Gose;Anderson Valley;Gose;California;4.2;Glass at party with girlfriend;Cool;Interesting sour taste;;Forward;8;;1;0;;2015-12-25;
629;Uerige Doppelsticke;Uerige Obergaerige Hausbrauerei;Altbier;Germany;8.5;Glass at restaurant with friends;Cool;;;Forward;7;;1;0;;2015-12-26;
630;Sur Amarillo;To Ol;Sour Ale;Denmark;7.5;Bottle at bed with girlfriend;Cool;Initially was very nice, but got worse and worse and I drank;Very weird;Forward;4;;1;0;;2015-12-26;
631;HaandBryggeriet Haandbakk;HaandBryggeriet;Sour Red;Norway;8;Glass at dinner with girlfriend;Cool;Sweet, nice sourness;Slightly odd;Forward;7;;1;0;;2015-12-28;
632;The Sauce;Ruhstaller;Porter;California;6.5;Glass at dinner with girlfriend;Cool;Pretty rich and decent;;Forward;7;;1;0;;2016-01-01;
633;33 Export;Tien Giang;Pale Lager;Vietnam;4.8;Glass at dinner with girlfriend;Cool;Usual pointless pale lager;;Forward;4;;1;0;;2016-01-02;
634;Desire;Moonlight Meadery;Mead;New Hampshire;16.7;Glass at dinner with girlfriend;Cool;Interesting but way too sweet;;Forward;5;;1;0;;2016-01-01;
635;Bomb!;Prairie Artisian Ale;Imperial Stout;Oklahoma;13;Bottle while cooking;Cool;Decent but not my favorite;;Forward;6;;1;0;;2016-01-04;
636;Coffee Okie;Prairie Artisian Ale;Brown Ale;Oklahoma;13;Bottle in bed;Cool;Not my favorite, meh;;Forward;5;;1;0;;2016-01-05;
637;NV Imperial Apple Cider;Blacksmith Cellars;Apple Cider;California;7;Glass at dinner with girlfriend;Cool;Weird taste, not nice;;Forward;4;;1;0;;2016-01-07;
638;Control Alt Delete;Alamenda Island;Altbier;California;5.5;Glass at dinner with girlfriend;Cool;Fine, very beery;;Forward;6;;1;0;;2016-01-08;3
639;FoxCraft Hard Cider (Pear);FoxCraft Hard Cider;Pear Cider;California;6.5;Glass at dinner with girlfriend;Cool;Pretty nice and pleasant;;Forward;7;;1;0;;2016-01-09;
640;Higher Math;Dogfish Head;Strong Ale;Delaware;17;Glass at dinner with girlfriend;Cool;Nice sweetness, pretty interesting and full;;Forward;7;;1;0;;2016-01-14;
641;Red Racer Imperial IPA;Central City;Imperial IPA;British Columbia;9;Glass at dinner with girlfriend;Cool;Overly hoppy and unpleasant;;Forward;4;;1;0;;2016-01-20;
642;Tangerine Wheat;Lost Coast;Fruit Ale;California;5.5;Bottle at dinner;Cool;Very tangerine, okay otherwise;;Forward;6;;1;0;;2016-01-22;
643;Bridge Spanners Gose;Iron Springs;Gose;California;;Glass at bar with friend;Cool;Slight gose, but not much taste;;Forward;5;;1;0;;2016-01-24;
644;Witty Monk;Marin Brewing Company;Wit Beer;California;5.2;Glass at bar with friend;Cool;Okay, not too interesting;;Forward;6;;1;0;;2016-01-24;
645;Weisse Edict;Ale Industries;Strong Ale;California;8;Glass at bar with friend;Cool;Too much cinnamon, not pleasant;;Forward;4;;1;0;;2016-01-24;
646;Skully 36;Paradox Beer Company;Wild Ale;Colorado;7.5;Glass at bar with friend;Cool;Kind of weird coconut taste;;Forward;5;;1;0;;2016-01-28;
647;Skully 29;Paradox Beer Company;Wild Ale;Colorado;7.6;Glass at bar with friend;Cool;Very nice tamarind;;Forward;7;;1;0;;2016-01-28;
648;Skully 35;Paradox Beer Company;Wild Ale;Colorado;8;Glass at bar with friend;Cool;Not much plum taste;;Forward;6;;1;0;;2016-01-28;
649;Trois Ans Anniversary Sour;Paradox Beer Company;Wild Ale;Colorado;8;Glass at bar with friend;Cool;Sour but okay;;Forward;6;;1;0;;2016-01-28;
650;Citradelic;New Belgium;IPA;Colorado;6;Glass at bar with friend;Cool;Too hoppy, meh;;Forward;4;;1;0;;2016-01-28;
651;Batch 43;Cleophus Quealy;Saison Ale;California;;Glass at bar with friend;Cool;;;Forward;4;;1;0;;2016-01-28;
652;Batch 63;Cleophus Quealy;White Ale;California;;Glass at bar with friend;Cool;Nice citrus, good taste;;Forward;8;;1;0;;2016-01-28;
653;Witney;Sierra Nevada;Saison Ale;California;5.4;Glass at bar with friends;Cool;Not much taste, little hibiscus, meh;;Forward;5;;1;0;;2016-01-29;
654;Peach de Brettaville;Almanac Beer Company;Saison Ale;California;6.5;Glass at bar with friends;Cool;Nice sourness;;Forward;8;;1;0;;2016-01-29;
655;Barrel Aged Ovila;Sierra Nevada;Dubbel;California;7.5;Glass at bar with friends;Cool;Pretty decent, full taste;;Forward;7;;1;0;;2016-01-29;
656;Trader Jose Dark Premium Lager;Grupo Modelo;Amber Lager;Mexico;5.3;Bottle at dinner;Cool;Not bad, decent sweetness;;Forward;6;;1;0;;2016-02-02;
657;The Hatchet;Sonoma Cider;Apple Cider;California;6;Glass at dinner with girlfriend;Cool;Decent balance, nice sweetness;;Forward;6;;1;0;;2016-02-04;
658;Trader Jose Premium Lager;Grupo Modelo;Pale Lager;Mexico;3.8;Bottle at home;Cool;Not pleasant;;Forward;4;;1;0;;2016-02-08;
659;Pere Jacques;Goose Island;Dubbel;Illinois;8.7;Glass at dinner with girlfriend;Cool;Pretty rich, somewhat boozy;;Forward;7;;1;0;;2016-02-10;
660;Shacksbury Basque;Shacksbury;Apple Cider;Vermont;6.2;Glass at bar with friends;Cool;Meh, not particularly great;;Forward;5;;1;0;;2016-02-12;
661;As Follows;Stillwater;Strong Ale;Maryland;9;Glass at bar with friends;Cool;Pretty nice;;Forward;7;;1;0;;2016-02-12;
662;Concomitant;Sante Adairius;Saison Ale;California;5.5;Glass at bar with friends;Cool;;;Forward;5;;1;0;;2016-02-12;
663;Great White;Lost Coast;Wit Beer;California;4.8;Bottle in bed;Cool;Fine but not too interesting;;Forward;6;;1;0;;2016-02-15;
664;LA 31 Biere Noire;Bayou Teche Brewery;Porter;Louisiana;4.8;Bottle with friends;Cool;;;Forward;7;;1;0;;2016-02-18;
665;Strawberry Harvest Lager;Abita;Fruit Lager;Louisiana;4.2;Glass with girlfriend;Cool;Decent;;Forward;6;;1;0;;2016-02-18;9
666;Otra Vez;Sierra Nevada;Gose;California;4.5;Unknown;Cool;;;Forward;7;;1;0;;2016-02-18;
667;NOLA Blonde Ale;NOLA;Blond Ale;Louisiana;4.9;Glass at bar with girlfriend;Cool;;;Forward;5;;1;0;;2016-02-19;
668;NOLA Lowerline;NOLA;Sour Ale;Louisiana;3.5;Glass at bar with girlfriend;Cool;Fine as a sour, but not a lot of flavor;;Forward;8;;1;0;;2016-02-19;
669;NOLA Flambeau Red Ale;NOLA;Amber Ale;Louisiana;5.7;Glass at bar with girlfriend;Cool;Hoppy, I'm mixed;;Forward;5;;1;0;;2016-02-19;
670;NOLA Muses;NOLA;Belgian Ale;Louisiana;4.4;Glass at bar with girlfriend;Cool;Hoppy, okay;;Forward;6;;1;0;;2016-02-19;
671;NOLA Against the Currant;NOLA;Sour Ale;Louisiana;4.5;Glass at bar with girlfriend;Cool;Very nice sourness, with good balance;;Forward;9;;1;0;;2016-02-19;
672;NOLA Peach Mango Mecha;NOLA;Dubbel;Louisiana;8.8;Glass at bar with girlfriend;Cool;Too hoppy, I'm not a fan;;Forward;4;;1;0;;2016-02-19;
673;NOLA Cherry Blonde;NOLA;Blond Ale;Louisiana;5;Glass at bar with girlfriend;Cool;Okay, not too remarkable but drinkable;;Forward;6;;1;0;;2016-02-19;
674;NOLA Mulberry Wheat;NOLA;Wheat Ale;Louisiana;4.5;Glass at bar with girlfriend;Cool;Pretty nice;;Forward;7;;1;0;;2016-02-19;
675;NOLA Girl Scout Cookie;NOLA;Stout;Louisiana;6.8;Glass at bar with girlfriend;Cool;Pretty boozy, very dark;;Forward;5;;1;0;;2016-02-19;
676;Borg Garun Icelandinc Stout Nr. 19;Borg Brugghus;Imperial Stout;Iceland;11.5;Glass at dinner with girlfriend;Cool;Boozy, not pleasant;;Forward;4;;1;0;;2016-03-05;
677;Beer Geek Breakfast;Mikkeller;Stout;Norway;7.5;Glass at dinner with girlfriend;Cool;I really didn't like it, very unpleasant hops and booze;;Forward;3;;1;0;;2016-03-19;
678;Orange Splash;Anchor;Fruit Lager;California;5.2;Can;Cool;Meh;;Forward;5;;1;0;;2016-04-02;
679;Beer to Drink Music To;Dogfish Head;Tripel;Delaware;9;Glass at desk;Cool;Okay but not great;;Forward;6;;1;0;;2016-04-06;
680;Austin Eastciders Original Dry Cider;Austin Eastciders;Apple Cider;Texas;4.8;Glass;Cool;Decent dry and tart;;Forward;7;;1;0;;2016-04-10;
681;Pearl Beer;Miller;Pale Lager;Texas;;Can;Cool;Drinkable, but unremarkable;;Forward;6;;1;0;;2016-04-09;
682;Hitachio Nest Anbai Ale;Kiuchi Brewery;Fruit Ale;Japan;7.5;Glass at desk;Cold;Nice taste, good sweetness and tartness;;Forward;8;;1;0;;2016-04-10;
683;Mission Trail Perry;Mission Trail;Pear Cider;California;6;Glass at dinner with girlfriend;Cool;Good tartness;;Forward;8;;1;0;;2016-04-13;
684;Brunch Weasel;Mikkeller;Imperial Stout;Norway;10.9;Glass at dinner with girlfriend;Cool;Not pleasant;;Forward;4;;1;0;;2016-04-19;
685;Terrapin Golden Ale;Terrapin Beer Company;Cream Ale;Georgia;5.3;Glass at dinner with friends;Cool;Meh, not that nice;;Forward;5;;1;0;;2016-04-22;
686;Slap Flight;Monday Night Brewing;IPA;Georgia;5.8;Can in bed;Cool;Hoppy, not my style;;Forward;4;;1;0;;2016-04-23;
687;Westbrook Gose;Westbrook Brewing;Gose;South Carolina;4;Can in bed;Cool;Quite nice sourness, good taste;;Forward;8;;1;0;;2016-04-23;
688;Maggie's Peach Farmhouse Ale;Terrapin Beer Company;Fruit Ale;Georgia;5.3;Can in bed with girlfriend;Cool;Not really any peach, not great;;Forward;4;;1;0;;2016-04-23;
689;Athena;Creature Comforts;Berliner Weissbier;Georgia;4.5;Can in bed with girlfriend;Cool;Nice sourness but weird aftertaste;;Forward;5;;1;0;;2016-04-23;
690;Atalanta Tart Plum Saison;Orpheus Brewing;Sour Ale;Georgia;5.3;Can in bed with girlfriend;Cool;Okay sourness, not too remarkable;;Forward;6;;1;0;;2016-04-23;
691;Lyric Ale;Orpheus Brewing;Saison Ale;Georgia;6.5;Can in bed with girlfriend;Cool;Decent, drinkable;;Forward;6;;1;0;;2016-04-23;
692;Brooks Dry Cider;Brooks Cider;Apple Cider;California;6;Glass at dinner with girlfriend;Cool;Nice tartness with sweet aftertaste;;Forward;7;;1;0;;2016-05-04;7
693;Golden State of Mind;Ale Industries;Wit Beer;California;4.4;Glass at dinner with girlfriend;Cool;Not a fan, not much taste;;Forward;4;;1;0;;2016-05-05;
694;FarmSide;Uinta;Saison Ale;Utah;5.6;Bottle at dinner with girlfriend;Cool;Meh;;Forward;5;;1;0;;2016-05-10;
695;Hibiscus Saison;Common Cider Company;Apple Cider;California;6.5;Glass at dinner with girlfriend;Cool;Okay, weird aftertaste;;Forward;6;;1;0;;2016-05-20;7
696;Gose Gone Wild;Stillwater;Gose;Maryland;4.3;Glass at desk;Cool;Good sourness, quite pleasant;;Forward;8;;1;0;;2016-06-06;
697;Sea Haggis;Alameda Island;Scotch Ale;California;8;Glass at bar with girlfriend;Cool;Good whiskey start, weird aftertaste;;Forward;5;;1;0;;2016-06-17;4
698;Neptune's Pale Ale;Alameda Island;Pale Ale;California;4.9;Glass at bar with girlfriend;Cool;Citrusy, light;;Forward;6;;1;0;;2016-06-17;5
699;Doolittle;Alameda Island;Red Ale;California;;Glass at bar with girlfriend;Cool;Very hoppy, weird;;Forward;4;;1;0;;2016-06-17;3
700;Gomez Norton Rye Ale;Alameda Island;Rye Ale;California;;Glass at bar with girlfriend;Cool;Pretty smooth, decent;;Forward;6;;1;0;;2016-06-17;5
701;Tokyo Black Porter;YoHo;Porter;Japan;5;Can at desk;Cool;Decent but not remarkable;;Forward;6;;1;0;;2016-06-19;
702;Saison Du Japon;Kuichi;Saison Ale;Japan;5;Bottle at dinner;Cool;Decent but not remarkable;;Forward;6;;1;0;;2016-06-19;
703;Suiyoubi No Neko;YoHo;Wit Beer;Japan;4.5;Can at dinner;Cool;Pretty decent;;Forward;6;;1;0;;2016-06-22;
704;J.K.'s The Pair;Almar Orchards;Perry;Michigan;5.5;Glass at dinner with girlfriend;Cool;Weird aftertaste;;Forward;5;;1;0;;2016-06-22;7
705;January Barbecue Smoked Cider;Tilted Shed;Apple Cider;California;8;Glass at dinner with girlfriend;Cool;Not pleasant;;Forward;4;;1;0;;2016-07-02;4
706;Aecht Schlenkerla Eiche Doppelbock;Braueri Heller;Smoked Lager;Germany;8;Glass at dinner with girlfriend;Cool;Sickly sweet, not nice;;Forward;5;;1;0;;2016-07-03;
707;Sorry Session Yuzu Ale;YoHo;Fruit Ale;Japan;4;Can in bed;Cool;Nice smell, little taste but salt;;Forward;4;;1;0;;2016-07-11;3
708;Sparkling Perry;Tieton Cider Works;Pear Cider;Washington;5.5;Glass at dinner with girlfriend;Cool;Not great;;Forward;4;;1;0;;2016-07-20;
709;GT Gose;Anderson Valley;Gose;California;4.2;Glass;Cool;Okay, but very little flavor;;Forward;6;;1;0;;2016-07-26;
