BeerName;Brewery;Type;Origin;ABV;HowIDrank;TempIDrank;Taste;Aftertaste;Rating;Notes;Date;Rose Rating
Delirium Tremens;Huyghe Brewery;Strong Pale Ale;Belgium;8.5;Bottle at desk;Cool;Kind of odd;;6;;2014-11-01;
La Folie;New Belgium;Flanders Oud Bruin;Colorado;6;Glass at bar;Cool;A bit vinegary;;7;;2014-11-01;
Heavenly Hef;Craftsman;Hefeweizen;California;5.4;Glass at bar;Cool;A bit thin;;6;Might be a bad pour;2014-11-01;
1809 Berliner Weisse;Professor Fritz Briem;Berliner Weissbier;Germany;5;Bottle in bed;Cool;Uninteresting;Strange;4;;2014-11-01;
Blackbier;Bier Factory;Dry Stout;Switzerland;4.6;;;Very thin, rather unpleasant;;2;;2014-11-01;
Wartmanns No 3 Chocolate Stout;Brauhaus Sternen;Sweet Stout;Switzerland;7.7;Bottle just after Indian food;Cold;Flat,  extremely unpleasant sweetness;;2;;2014-11-01;
Hell;Waedenswiler;Helles Lager;Switzerland;4.8;Bottle;Cold;Unremarkable;;6;;2014-11-01;
Theakston Old Peculier;Theakston;Old Ale;England;5.6;Bottle, tired and sore,  standing;;Okay, a bit of fizz;Refreshing;8;;2014-11-01;
Stadtguet Amber;Stadtguet Brewery;Amber Ale;Switzerland;4.8;Bottle at desk;Cold;Mild;Very refreshing;7;;2014-11-01;
Svyturys Ekstra Draught;Svyturys;Pale Lager;Lithuania;5.2;;;Nutty;;7;;2014-11-01;
Strong Suffolk;Greene King Morland Brewery;Old Ale;England;6;Bottle, just ate;Cool;A bit sweet;;7;;2014-11-01;
La Fin du Monde;Unibroue;Tripel;Quebec;9;Bottle,  just ate;Cold;Nutty, very pleasant;;9;;2014-11-01;
Rivale;Brasserie Trois Dames;Red Ale;Switzerland;4.8;Bottle with spicy food;Cold;Thin, not pleasant;;5;;2014-11-01;
Svyturys Baltas Hefeweizen;Svyturys;Hefeweizen;Lithuania;5;Bottle at desk;Cool;Pleasant;;8;;2014-11-01;
Oude Geuze Boon;Boon Brewery;Gueze;Belgium;7;Bottle at desk;Cool;Very nice, not too strong;;9;;2014-11-01;
Bracia;Thornbridge Brewery;English Strong Ale;England;10;Bottle after dinner;Cool;Tasty, pretty strong;;8;;2014-11-01;
Mort Subite Gueuze;Alken-Maes Brewery;Gueze;Belgium;4.5;;;Rather flat, not distinctive;;6;;2014-11-01;
Ginger Beard;Wychwood Brewery;Ginger Beer;England;4.2;Bottle at home;Cold;Kind of off;Unpleasant;4;;2014-11-01;
Cuvee des Trolls;Dubisson;Blond Ale;Belgium;7;Bottle at home;Cold;A bit odd;Strange;5;;2014-11-01;
Velebitsko;Licanka;Munich Dunkel;Croatia;6;Bottle out hiking;Cool;Neutral;Slightly metallic;6;;2014-11-01;
Svijetlo;San Servolo;Lager;Croatia;5;In glass with friends;Cold;Bitter;Odd;4;;2014-11-01;
Trappist Bruin;Achel;Dubbel;Belgium;5;In glass at bar;Cold;Sweet but unpleasant;;6;;2014-11-01;
Vedett Extra White;Duvel Moortgat Brewery;Wit Beer;Belgium;4.7;In glass at bar;Cold;Orange;Odd;7;;2014-11-01;
Birra da Ris;Appenzeller;Rice Beer;Switzerland;5;Bottle at desk;Cool;Neutral, kind of pleasant;;7;;2014-11-01;
Duchesse de Bourgogne;Verhaeghe Vichte;Flanders Red Ale;Belgium;6.2;Bottle at desk;Cool;Proper amount of sweetness;Nice;10;;2014-11-01;
Trappistes Rochefort;Abbaye St. Remy;Trappist;Belgium;9.2;Bottle at desk;Cool;Nutty, not particularly great;;6;;2014-11-01;
Barbara;Eichhof;Specialbeer;Switzerland;6.5;Bottle at desk;Cool;Neutral;Neutral;6;;2014-11-01;
Zlatorog;Lasko Brewery;Pale Lager;Slovenia;4.9;Bottle at desk;Cold;Slightly metallic, not very distinguishing;;4;;2014-11-01;
Ch'ti Blonde;Castelain;Biere de Garde;France;6.4;Bottle after dinner;Cold;Fairly pleasant,  slight nut;Refreshing;7;;2014-11-01;
Quoellfrisch Hell;Brauerei Locher AG;Munich Helles Lager;Switzerland;4.8;Can;Cold;Neutral, but very drinkable;Refreshing;6;;2014-11-01;
Rappigold;Bier Factory;Pale Ale;Switzerland;4.8;Bottle at desk;Cold;Slightly bitter, hoppy;Odd back of throat;6;;2014-11-01;
Organic Cherry;Samuel Smith;Fruit Ale;England;5.1;Bottle at desk;Cool;A bit too sweet, but nice dessert, a bit thin. Medicinal;Refreshing;6;;2014-11-01;
Organic Chocolate Stout;Samuel Smith;Chocolate Stout;England;5;Bottle at desk;Cold;Very smooth, a bit sweet but pleasant, chocolate and slightly nutty;Minimal;8;;2014-11-01;
Double Stout;Shepherd Neame;English Stout;England;5.2;Bottle at desk;Cold;Very smooth, nice nutty taste;Odd;7;;2014-11-01;
Estrella Damm Daura;Damm S.A.;Pale Lager;Spain;5.4;Bottle at party;Cold;Fizzy, a bit nutty;;6;;2014-11-01;
Ambree des Brigands du Jorat;Basserie Antisanale du Jorat;Smoked Beer;Switzerland;6;;;Not particularly memorable;None;6;;2014-11-01;
Tyskie Gronie;Kompania Piwowarska;Czech Pilsner;Poland;5.5;Bottle at desk,  tongue feel weird;Cold;Unpleasant taste;;4;Might have been painful tongue;2014-11-01;
Cuvee des Jacobins Rouge;Bockor Brewery;Flanders Red Ale;Belgium;5.5;Bottle at home;Cool;Very nice sour taste;Nice;10;;2014-11-01;
Monk's Wit;Abbey Beverage Company;Wit Beer;New Mexico;5.1;Glass with dinner;Cold;Odd, a bit thin;Metallic;5;;2014-11-01;
Pabst Blue Ribbon;Pabst Brewing Company;Pale Lager;California;5;Can with dinner;Cold;Neural;;6;;2014-11-01;
Coffee Stout;Sierra Nevada;Coffee Stout;California;6.2;Bottle at party;Cool;A bit hoppy;Slightly odd;6;;2014-11-01;
Kellerweis;Sierra Nevada;Hefeweizen;California;4.8;Bottle at party;Warm;Pretty strong;;6;;2014-11-01;
Negra Modelo;Grupo Modelo;Vienna Lager;Mexico;5.3;Bottle after spicy food;Cold;Carmelly;Not much;7;;2014-11-01;
Cuvee Alex Le Rouge;BFM;Imperial Stout;Switzerland;10.3;Bottle at desk;Cool;Odd carmel;Slightly metallic;6;;2014-11-03;
Trappist;Orval;Pale Ale;Belgium;6.2;Bottle at desk;Cool;Not a fan;;5;;2014-11-03;
Radieuse;Leffe;Strong Ale;Belgium;8.5;Bottle at desk;Cool;Carmelly, slightly sweet;;8;;2014-11-03;
Houblon Chouffe;Brasserie d'Achouffe;IPA;Belgium;9;Bottle at desk;Cool;Hoppy, but pleasant;Goes away quickly;8;;2014-11-04;
Ichnusa;Heineken;Pale Lager;Italy;4.7;Bottle at desk,  eating spicy food;Cool;Unpleasant taste;Minimal;4;;2014-11-07;
Ursa Major;Craftsman;Flanders Oud Bruin;California;6.3;Glass after hike;Cool;Sweet but pleasant;Slightly vinegarry;9;;2014-11-02;
Chiswick Bitter;Fullers;English Bitter;England;3.5;Glass after hike;Cool;Thin, kind of unpleasant;Little;4;;2014-11-02;
Tsingtao;Tsingtao;Adjunct Lager;China;4.8;Bottle at dinner;Cool;Slightly metallic, mostly neutral;;5;;2014-11-07;
Singha;Boon Rawd Brewery;Pale Lager;Thailand;5;Bottle at dinner;Cool;Slightly nutty;;7;;2014-11-07;
Einkorn Edelbier;Reidenburger Brauhaus;Kellerbier;Germany;5;Bottle at desk;Cool;Very pleasant;;8;;2014-11-07;
1698;Shepherd Neame;Strong Ale;England;6.5;Bottle at desk;Cool;Full, kind of fizzy;Oak-y;7;;2014-11-07;
Maudite;Unibroue;Strong Dark Ale;Quebec;8;Bottle with spicy food;Cool;Sweetish;Fizzy;8;;2014-11-08;
Tannenzaepfle;Rothaus;German Pilsner;Germany;5.1;Bottle after spicy food;Cool;Mild, a bit grain-tasting;Fizzy;6;;2014-11-08;
Warsteiner Premium German Beer;Warsteiner;German Pilsner;Germany;4.8;Can at desk;Cool;Pretty full;;7;;2014-11-08;
Bier Paul 01;Brauerei Erusbacher & Paul;Helles Lager;Switzerland;5.2;Bottle at desk;Cool;Full, a little nutty;;6;;2014-11-08;
Ruby;Leffe;Fruit Ale;Belgium;5;Bottle at desk;Cool;Sweet, raspberry, very nice balance;Sour raspberry;8;;2014-11-08;
Namaste;Dogfish Head;Wit Beer;Delaware;5;Bottle at desk;Cool;Tastes a little muted;;6;;2014-11-09;
Koenig Ludwig Weissbier;Warsteiner;Dunkelweisen;Germany;5.5;Bottle at desk;Cool;Quite pleasant, a bit carmelly;;8;;2014-11-09;
Bush Ambree;Brasserie Dubuisson;Strong Pale Ale;Belgium;12;Bottle at desk;Cool;Strong, rich taste;;8;;2014-11-09;
Bad Attitude Hipster;Birrificio Ticinese;Double Pilsner;Switzerland;7.6;Bottle at desk;Cool;Very fizzy, a bit sweet;;7;;2014-11-09;
Old Engine Oil;Harviestoun Brewery;English Porter;Scotland;6;Bottle with spicy food;Cool;Very full, slightly chocolatey;;7;;2014-11-09;
Aventinus Eisbock;Schneider & Sohn;Eisbock;Germany;12;Bottle at desk;Cool;Lots of flavor, interesting spices, sweetish;A bit weird;8;;2014-11-09;
Tripel;Leffe;Tripel;Belgium;8.5;Bottle at desk;Cool;Fairly hoppy;;6;;2014-11-10;
Oatmeal Stout;Samuel Smith;Oatmeal Stout;England;5;Bottle at desk;Cool;Very rich, pleasant;Coffee, malty;8;;2014-11-10;
Vieille Cuvee;Leffe;Strong Dark Ale;Belgium;8.2;Bottle at desk;Cool;Kind of plain, not very interesting;;6;;2014-11-11;
Peja Original/Pilsner;Birra Peja;German Pilsner;Kosovo;4.2;Bottle at desk;Cool;Not much, insubstantial;;5;;2014-11-11;
Birra Moretti;Birra Moretti;Pale Lager;Italy;4.6;Bottle at desk;Cool;Refreshing, nice taste;;7;;2014-11-11;
Peroni Nastro Azzurro;Birra Peroni;Pale Lager;Italy;5.1;Bottle at desk;Cool;A little off, slight sweet edge;;5;;2014-11-11;
Brauderei Schloss Eggenberg;Samichlaus Classic Bier;Doppelbock;Austria;;Bottle at desk;Cool;Overly sweet, very alcoholic;Unpleasant;4;;2014-11-13;
Organic Pale Ale;Samuel Smith;Pale Ale;England;5;Bottle at desk;Cool;Nutty but a bit thin;Not great;6;;2014-11-14;
Erdinger Weissbier;Erdinger Weissbrau;Hefeweizen;Germany;5.3;Bottle with pizza;Semi-warm;Tastes a bit off;;6;;2014-11-12;
Feldschlossen Original Lager;Feldschlossen Beverages Group;Pale Lager;Switzerland;4.8;Can at party;Cool;Meh;;5;;2014-11-13;
Taddy Porter;Samuel Smith;English Porter;England;5;Bottle at desk;Cool;Pretty rich;;8;;2014-11-14;
Benno;Stift Engelszell;Saison Ale;Austria;6.9;Bottle at desk;Cool;Sweet, kind of full;;7;;2014-11-14;
Blanche de Namur;Brasserie Du Bocq;Wit Beer;Belgium;4.5;Can at desk;Cool;Very pleasant, fruity;Orange, but a little odd;8;;2014-11-15;
Zipfer Original;Brauerei Zipf;Pale Lager;Austria;5.4;Can at desk;Cool;Very light, nice to drink;;8;;2014-11-15;
Biere;Drinks of the World;Pale Lager;Switzerland;5;Glass at desk;Cool;Pretty bad, tastes like cheap beer;;3;;2014-11-15;
Carling Lager;Coors UK;Pale Lager;England;4.9;Can at desk;Cool;Watery, not much taste;;4;;2014-11-15;
Schnuggebock Bier;Brauerei Locher AG;Spiced Beer;Switzerland;5.2;Bottle at desk;Cool;Sweet, kind of an odd edg, but not bad;;6;;2014-11-15;
Chimay Red Premiere;Chimay;Dubbel;Belgium;7;Bottle at desk;Cool;Carmelly, tasty;;8;;2014-11-15;
Chimay Tripel;Chimay;Tripel;Belgium;8;Bottle while cooking;Cool;Nutty, kind of strong;;7;;2014-11-16;
Blonde;Leffe;Pale Ale;Belgium;6.6;Bottle at desk;Cool;Mild, a little nutty;;7;;2014-11-16;
Estrella Damm;Damm S.A.;Adjunct Lager;Spain;5.4;Bottle at desk;Cool;;;5;;2014-11-17;
Super Bock;UNICER Uniao Cervejeira SA;Adjunct Lager;Portugal;5.2;Bottle at desk;Cool;A bit sharp, but pleasant;;7;;2014-11-17;
Sagres;Sociedade Central de Cervejas;Adjunct Lager;Portugal;5;Bottle at desk;Cool;;;4;;2014-11-17;
Casablanca/Casa Beer;Brasseries Du Maroc;Pale Lager;Morocco;5;Bottle at desk;Cool;;;6;;2014-11-17;
Jack Hammer IPA;BrewDog;IPA;Scotland;7.4;Bottle at desk;Cool;Very hoppy, okay otherwise;;6;;2014-11-17;
Ziegelhof Goldbrau;Eichhof;Pilsner;Switzerland;5.2;Bottle at desk;Cool;Kind of unpleasant, odd edge;;4;;2014-11-17;
Banks Caribbean Lager/Banks Beer;Banks Breweries Ltd;Adjunct Lager;Barbados;4.7;Bottle at desk;Cool;Light taste, kind of refreshing;;7;;2014-11-18;
Tennent's Super Strong Lager;Tennent Caledonian Breweries;Strong Lager;Scotland;;Can at desk;Cool;Boozy, not much flavor otherwise;;5;;2014-11-18;
Cruzcampo;Grupo Cruzcampo SA;German Pilsner;Spain;4.8;Bottle at desk;Cool;Pretty sharp, unpleasant;;3;;2014-11-18;
Chopfab Hell;Doppellau Brauwerkstatt;Blond Ale;Switzerland;5;Bottle at bed;Cool;Not too much taste, but okay;;6;;2014-11-18;
Chopfab Trueeb;Doppellau Brauwerkstatt;Pale Ale;Switzerland;5.2;Bottle at bed;Cool;Sharp edge, hoppy;;6;;2014-11-18;
Chopfab Dunkel;Doppellau Brauwerkstatt;Stout;Switzerland;4.5;Bottle while cooking;Cool;Not great, kind of off taste;;4;;2014-11-19;
Bad Attitude Dude;Birrificio Ticinese;Double IPA;Switzerland;7.5;Can at desk;Cool;Very hoppy, hard to taste much otherwise, decent for an IPA;;7;;2014-11-19;
Bad Attitude Kurt;Birrificio Ticinese;American Pale Ale;Switzerland;4.3;Can at desk;Cool;Rather unpleasant, very fizzy;;4;;2014-11-19;
Kilkenny;Guinness Ltd.;Red Ale;Ireland;4.3;Bottle at desk;Cool;Kind of bland;;5;;2014-11-19;
San Miguel Especial;San Miguel Fabricas;Pale Lager;Spain;5.4;Bottle with movie;Cool;Kind of sweet;;7;;2014-11-19;
Doppelleu Whisky Ale;Doppellau Brauwerkstatt;Smoked Ale;Switzerland;7.5;Bottle at desk;Cool;Weird smell, does taste like there's some whisky in there, odd;;5;;2014-11-20;
Chopfab Amber;Doppellau Brauwerkstatt;Amber Ale;Switzerland;5.4;Bottle while cooking;Cool;Not my favorite, a bit strange;;5;;2014-11-20;
Winterbier;Feldschlossen Beverages Group;Strong Lager;Switzerland;5.5;Bottle at desk;Cool;A little fizzy, but rather nice. Nutty taste.;;8;;2014-11-20;
Bio Lager;Feldschlossen Beverages Group;Pale Lager;Switzerland;4.8;Bottle at desk;Cool;Pretty thin, not great taste;Slightly metallic;4;;2014-11-20;
Libertine Black Ale;BrewDog;Black Ale;Scotland;7.2;Bottle at desk;Cool;Quite hoppy;Oh the hops;5;;2014-11-20;
Anker;SB SwissBeverage;Blond Ale;Switzerland;;Can at desk;Cool;Not great, mildly unpleasant;;5;;2014-11-21;
Delirium Nocturnum;Huyghe Brewery;Pale Ale;Belgium;8.5;Bottle at desk;Cool;Strong, slight licorice taste;Leaves quickly;8;;2014-11-21;
St. Galler Klosterbrau;Schutzengarten;Kellerbier;Switzerland;5.2;Bottle at desk;Cool;Carmelly, but a little off;;6;;2014-11-22;
St. Galler Landbier;Schutzengarten;Kellerbier;Switzerland;5;Bottle at desk;Cool;Not great, kind of off taste;;4;;2014-11-22;
Tell;Heineken;Helles Lager;Switzerland;;Can at desk;Cool;Mmmm, cheap beer, thin;Unpleasant;3;;2014-11-22;
McEwan's Export;Wells and Young's;Scottish Ale;Scotland;4.5;Can at desk;Cool;A bit thin;Odd;4;;2014-11-22;
Hoegaarden Wit-Blanche;Hoegaarden Brewery;Wit Beer;Belgium;4.9;Bottle at desk;Cool;Sweet, but fizzy and a bit odd;;6;;2014-11-22;
Cerne Zamecke;Chodovar Brewery;Munich Dunkel;Czech Republic;4.2;Bottle at desk;Cool;A bit sweet, tastes a bit thin after a bit;;6;;2014-11-23;
Paulaner Hefe-Weissbier Naturtrueb;Paulaner Brewery;Hefeweizen;Germany;5.5;Can at desk;Cool;Light taste, not the best;;6;;2014-11-23;
Affligem Blonde;Affligem Brewery;Pale Ale;Belgium;6.8;Bottle at desk;Cool;Kind of fizzy, odd edge;;6;;2014-11-24;
Goesser;Brau Union Oesterreich;Pale Lager;Austria;5.2;Bottle at desk;Cool;Not great;;4;;2014-11-24;
Duvel;Duvel Moortgat Brewery;Strong Pale Ale;Belgium;8.5;Bottle at desk;Cool;Strong, rich taste;A bit fizzy;7;;2014-11-25;
Edelbraeu;Heineken;German Pilsner;Switzerland;;Can at desk;Cool;Fairly light, a bit of an odd edge;;5;;2014-11-25;
Cardinal Speciale;Feldschlossen Beverages Group;Czech Pilsner;Switzerland;5.2;Can at desk;Cool;Fairly standard for a pils, like PBR;;6;;2014-11-25;
Guinness Special Export;Guinness Ltd.;Export Stout;Ireland;8;Bottle at desk;Cool;Very rich, malty;Fizzy, burnt;7;;2014-11-25;
Hoegaarden Grand Cru;Hoegaarden Brewery;Strong Pale Ale;Belgium;8.7;Bottle at desk;Cool;Full, quite pleasant;Malty;8;;2014-11-25;
Chodovar Prezident;Chodovar Brewery;Czech Pilsner;Czech Republic;5;Bottle at desk;Cool;Okay, a bit of fizz;;6;;2014-11-26;
Turbinen Gold Sprint;Turbinenbraeu;Dortmunder;Switzerland;5.2;Bottle at desk;Cool;Unpleasant taste;;4;;2014-11-26;
De Verboden Vrucht;Hoegaarden Brewery;Strong Ale;Belgium;8.5;Bottle at desk;Cool;Hoppy, kind of overwhelming;;5;;2014-11-26;
Abbaye De Saint Bon-Chien;BFM;Biere de Garde;Switzerland;11;Glass at party;Cool;Sweet but an odd edge;;7;;2014-11-29;
Victorias Secret;Storm&Anchor;Saison Ale;Switzerland;6.1;Bottle at desk;Cool;Super hoppy, hard to taste anything else;;5;;2014-11-26;
Zamecky Lezak Special 13deg;Chodovar Brewery;Czech Pilsner;Czech Republic;5.1;Bottle at desk;Cool;Not great, unpleasant taste;;4;;2014-11-26;
Koff;Sinebrychoff;Pale Lager;Finland;4.5;Can in bed;Cool;Unremarkable, thin but refreshing;;6;;2014-11-26;
Karhu A;Sinebrychoff;Pale Lager;Finland;5.3;Can while cooking;Cool;Not particularly memorable;;5;;2014-11-27;
Birra Antoniana Altinate;Birrificio Antoniano;Pale Lager;Italy;5.2;Bottle while cooking;Cool;Pretty dry and hoppy;;5;;2014-11-27;
Birra Antoniana Scudata;Birrificio Antoniano;Pale Lager;Italy;5.2;Bottle at dinner with friends;Cool;Hoppy;;6;;2014-11-27;
Simon Pils;Brasserie Simon;German Pilsner;Luxembourg;4.8;Glass at party;Cool;A bit harsh, but okay;;6;;2014-11-29;
Goudenband;Liefmans;Flanders Oud Bruin;Belgium;8;Bottle at desk;Cool;Slightly vinegarry, sweet;Not my favorite;7;;2014-11-30;
Presidente;Cerveceria Nacional Dominicana;Czech Pilsner;Dominican Republic;5;Bottle at desk;Cool;Unpleasant edge, uninteresting otherwise;;4;;2014-12-01;
Heineken;Heineken;Pale Lager;Netherlands;5;Can at desk;Cool;Pretty unpleasant;;4;;2014-12-01;
Lapin Kulta;Hartwall;Pale Lager;Finland;5.2;Can while cooking;Cool;Pretty unpleasant;;4;;2014-12-01;
Feldschlossen Premium;Feldschlossen Beverages Group;Pale Lager;Switzerland;5;Can at desk;Cool;Foul;;2;;2014-12-02;
La Meule;BFM;Spiced Beer;Switzerland;6;Bottle at desk;Cool;Pleasant, interesting orange taste;A bit weird;6;;2014-12-02;
Sinebrychoff Porter;Sinebrychoff;Baltic Porter;Finland;7.2;Bottle in bed;Cool;Toasted malt, a bit iffy;;6;;2014-12-02;
Sapporo Premium;Sapporo;Pale Lager;Japan;5;Can in bed;Cool;Drinkable but unremarkable;;6;;2014-12-08;
Chinggis Mongolian Lager;Chinggis;Pale Lager;Mongolia;5;Bottle at desk;Cool;Meh, not particularly great;;5;;2014-12-14;
Tiger Beer;Asia Pacific Breweries;Adjunct Lager;Singapore;5;Bottle at desk;Cool;Mildly unpleasant, sweet but checmical edge;;4;;2014-12-14;
Hen's Tooth;Greene King Morland Brewery;Strong Ale;England;6.5;Bottle after spicy food;Cool;Whisky tasting, kind of nice;;7;;2014-12-08;
Amstel Lager;Amstel;Pale Lager;Netherlands;5;Can at desk;Cool;Unpleasant, uninteresting beer;;4;;2014-12-04;
Oranjeboom Premium Lager;United Dutch Breweries;Pale Lager;Netherlands;5;Can at desk;Cool;Okay, PBR like;;6;;2014-12-04;
Liefmans Cuvee-Brut;Liefmans;Fruit Beer;Belgium;6;Bottle while cooking;Cool;Pretty good, though not as full as I'd like, not too sweet;A little thin;9;;2014-12-11;
Juniper Pale Ale;Rogue;Pale Ale;Oregon;5.3;Bottle at desk;Cool;A bit hoppy, juniper is nice but smelly very chemically;Chemical feeling in nose;6;;2014-12-13;
Hinano;Brasserie de Tahiti;Pale Lager;French Polynesia;5;Bottle at desk;Cool;Beer, kind of unremarkable but drinkable;Slightly chemical?;6;;2014-12-16;
La Salamandre;BFM;Wit Beer;Switzerland;5.5;Bottle at desk;Cool;Sweet, but not great;;4;;2014-12-14;
Barbar;Brasserie Lefebvre;Strong Ale;Belgium;8;Bottle at desk;Cool;Honey beer, pleasant;;7;;2014-12-14;
Locher Brand Loescher;Locher Appenzeller;Vienna Lager;Switzerland;4.8;Bottle at desk;Cool;Rather pleasant, full taste;;8;;2014-12-13;
Feldschlossen Hopfenperle;Feldschlossen Beverages Group;Pilsner;Switzerland;5.2;Can at desk;Cool;Unpleasant cheap beer;;2;;2014-12-03;
Kokanee;Labatt;Pale Lager;British Columbia;5;Can at desk;Cool;Unpleasant cheap beer;;3;;2014-12-03;
Tripel Karmeliet;Bosteels;Tripel;Belgium;8.4;Bottle with spicy food;Cool;Fizzy, boozy, some fullness;;7;;2014-12-11;
Kasteel Donker;Breouwerij Van Honsebrouck;Quadrupel;Belgium;11;Bottle in bed;Cool;Fairly sweet, very boozy;;7;;2014-12-14;
La Cuivree;BFM;Altbier;Switzerland;4.5;Bottle at desk;Cool;Very hoppy, odd edge;;5;;2014-12-07;
La Torpille;BFM;Strong Dark Ale;Switzerland;7.5;Bottle at desk;Cool;Carmel/burnt taste, but not great;;4;;2014-12-07;
Eidgenoss Naturtrueb;Falken;Vienna Lager;Switzerland;5;Bottle at desk;Cool;Malty, not great;;5;;2014-12-08;
Birra Antoniana;Birrificio Antoniano;Vienna Lager;Italy;5.4;Bottle at desk;Cool;Fizzy, a bit nutty;;5;;2014-12-13;
Molson Canadian;Molson;Pale Lager;Quebec;5;Bottle at desk;Cool;Fizzy, odd taste;Makes my tongue feel odd;4;;2014-12-07;
Forst Sixtus Doppelbock;Forst;Doppelbock;Italy;6.5;Bottle at desk;Cool;Carmelly, okay;;6;;2014-12-15;
Forst Kronen Speciale;Forst;Pale Lager;Italy;5.2;Bottle at desk;Cool;Uninteresting;;5;;2014-12-16;
Imperial Stout;Samuel Smith;Imperial Stout;England;7;Bottle at desk;Cool;Quite full, pleasant, carmelly;;8;;2014-12-08;
Schneeweisse Winterbier;Erdinger Weissbrau;Hefeweizen;Germany;5.6;Bottle at desk;Cool;Somewhat unpleasant;;4;;2014-12-15;
Delirium Christmas/Noel;Huyghe Brewery;Strong Pale Ale;Belgium;10;Bottle at desk;Cool;Fizzy, spicy, nutty;;7;;2014-12-07;
1664;Kronenbourg;Pale Lager;France;5;Can at desk;Cool;Uninteresting, kind of off on first taste;;4;;2014-12-17;
Turbinen Start;Turbinenbraeu;Hefeweizen;Switzerland;5;Bottle at party;Cool;Okay;;6;;2014-12-08;
Turbinen Rekord;Turbinenbraeu;Dunkel;Switzerland;5.2;Bottle at party;Cool;Not great, beery;;5;;2014-12-08;
Longboard Island Lager;Kona;Pale Lager;Hawaii;4.6;Bottle at desk;Cool;Not very interesting, meh;;6;;2014-12-13;
Rogue Dead Guy Ale;Rogue;Heller Bock;Oregon;6.5;Bottle at desk;Cool;Hoppy, chocolateish;;7;;2014-12-15;
Royale;Leffe;Strong Ale;Belgium;7.5;Bottle at desk;Cool;Full, a little nutty;;7;;2014-12-23;
Eis Zaepfle;Rothaus;Oktoberfest/Marzen;Germany;5.6;Bottle at desk;Cool;Full, fairly fizzy feel;A little odd;5;;2014-12-25;
Moosehead Lager;Moosehead;Pale Lager;New Brunswick;5;Bottle at desk;Cool;Uninteresting;;5;;2014-12-21;
Moosehead Pale Ale;Moosehead;Pale Ale;New Brunswick;5;Bottle at desk;Semi-warm;A little fizzy, but decent;;6;;2014-12-20;
Barking Squirrel Lager;Hop City;Vienna Lager;Ontario;5;Bottle at desk;Cool;Hoppy, a bit sweet;A little fizzy, nutty;8;;2014-12-24;
Drunken Sailor;CREW Republic;IPA;Germany;6.4;Bottle while cooking;Cool;Very hoppy, meh;;5;;2014-12-24;
Tucher Helles Hefe Weizen;Tucher Braeu Fuerth;German Hefeweizen;Germany;5.2;Can at desk;Cool;Light, slightly sweet;;7;;2014-12-24;
Astra Arschkalt;St. Pauli Brewery;Vienna Lager;Germany;5.9;Bottle at desk;Cool;Fizzy on tongue, but decent full taste;;7;;2014-12-22;
Sierra Nevada Stout;Sierra Nevada;Stout;California;5.8;Bottle at desk;Cool;Very hoppy, not a particular fan;;4;;2014-12-21;
Flying Dog Pale Ale;Flying Dog;Pale Ale;Maryland;5.5;Bottle at desk;Cool;Very hoppy, not a particular fan;;4;;2014-12-25;
Sleeman Honey Brown Lager;Sleeman Brewery;Vienna Lager;Ontario;5.2;Bottle at desk;Cool;Not very interesting, a little off;;4;;2014-12-20;
ACDC Beer;Karlsberg Brauerei;Pale Lager;Germany;5;Can at desk;Cool;Thin, slightly unpleasant;;4;;2014-12-20;
Breckenridge Vanilla Porter;Breckenridge;Porter;Colorado;4.7;Bottle at desk;Cool;Sweetish;;7;;2014-12-24;
Anchor Brekle's Brown;Anchor;Brown Ale;California;6;Bottle at desk;Cool;Very nice and rich;Slightly fizzy, chocolate;8;;2014-12-24;
Newcastle Brown Ale;John Smiths;Brown Ale;England;4.7;Bottle at party;Semi-warm;Nutty, but thin taste;;5;;2014-12-16;
Pilsner Urquell;Plzensky Prazdroj;Czech Pilsner;Czech Republic;4.4;Can at desk;Cool;A little unpleasant;;4;;2014-12-17;
Beck's;Beck's Brewery;German Pilsner;Germany;4.8;Can at desk after spicy food;Cool;Tastes rather off;;4;;2014-12-20;
Amsterdam Maximator;Grolsch;Doppelbock;Netherlands;11.6;Can at desk;Cool;Sweetish, but fairly unpleasant, boozy;Unpleasant;3;;2014-12-17;
Beer Bong;Pivovar Vyskov;Czech Pilsner;Czech Republic;4.1;Bottle at desk;Cool;Thin, kind of unpleasant;;4;;2014-12-24;
Staropramen Lager;Staropramen;Czech Pilsner;Czech Republic;5;Bottle at desk;Cool;Meh;;5;;2014-12-21;
Budweiser Budvar/Czechvar;Budweiser Budvar;Czech Pilsner;Czech Republic;5;Can at desk;Cool;Pilsner-y, okay but not great;;5;;2014-12-23;
Coors Light;Coors;Pale Lager;Colorado;4.2;Bottle at desk, had mouthwashed;Cool;Odd taste at first, not interesting;;4;;2014-12-20;
Amsterdam Navigator;Grolsch;Strong Pale Lager;Netherlands;8;Can at desk;Cool;Boozy, sweet edge, overall okay;;6;;2014-12-21;
Breznak Original Boehmisch Pils;Breznak;Czech Pilsner;Czech Republic;5.1;Bottle at desk;Cool;Quite unpleasant edge;;3;;2014-12-25;
La Trappe Quadrupel;De Koningshoeven;Quadrupel;Netherlands;10;Bottle at desk;Cool;Boozy, full taste;;5;;2014-12-23;
Grolsch Premium Lager;Grolsch;Pale Lager;Netherlands;5;Can at desk;Cool;Somewhat off;;4;;2014-12-21;
Bavaria 8.6;Bavaria Brouwerij;Strong Pale Lager;Netherlands;7.9;Can at desk;Cool;Boozy, off edge;;5;;2014-12-21;
Miller Genuine Draft;Miller;Pale Lager;Wisconsin;4.7;Bottle at desk;Cool;Fairly unpleasant, fizzy;;3;;2014-12-20;
Yuengling Traditional Lager;Yuengling;Pale Lager;Pennsylvania;4.4;Bottle at desk;Cool;Meh;;5;;2014-12-22;
Belzebuth Extra Strong;Grain d'Orge;Strong Pale Ale;France;11.8;Bottle in bed;Cool;Thin, very boozy, whisky, not pleasant;;3;;2015-01-09;
Guinness Draught;Guinness Ltd.;Dry Stout;Ireland;4.2;Bottle in bed;Cool;Thin, off, not a particular fan;;4;;2015-01-09;
Castle Lager;South African Breweries;Pale Lager;South Africa;5;Bottle at desk;Cool;Thin, fizzy, fairly unpleasant;;4;;2015-01-11;
O'Hara's Irish Stout;Carlow;Dry Stout;Ireland;4.3;Bottle at desk;Cool;Thin, I don't particularly care for it;Fizzy;4;;2015-01-11;
Murphy's Irish Stout;Murphy's Brewery;Dry Stout;Ireland;4;Can at desk;Cool;Pretty unpleasant;;3;;2015-01-11;
O'Hara's Irish Red;Carlow;Irish Red Ale;Ireland;4.3;Bottle while cooking;Cool;Odd edge, not great, quite fizzy;;4;;2015-01-08;
Caffrey's;Coors UK;Bitter;England;3.8;Can while cooking;Cool;Thin, quite unpleasant;;3;;2015-01-08;
Adelscott;Brasserie Fischer;Scotch Ale;France;5.8;Bottle while cooking;Cool;Sweet, not great;;4;;2015-01-07;
Fischer Tradition Blonde;Brasserie Fischer;Pale Lager;France;6;Bottle at desk;Cool;Thin, not great;;4;;2015-01-07;
Alter Beer Polski Chmiel;Browar Cornelius;Pilsner;Poland;5;Bottle at desk;Cool;Tastes like grass, not pleasant;;3;;2014-12-30;
Zamkowy Twierdzowe Ciemne;Browar Zamkowy Raciborz;Spiced Beer;Poland;4.5;Bottle at desk;Cool;Too sweet, but flavorful;;6;;2014-12-31;
Zywiec Jasne Pelne;Zywiec Brewery;Pale Lager;Poland;5.6;Glass with lunch;Cool;Not particularly pleasant;;4;;2014-12-30;
Warka Strong;Zywiec Brewery;Imperial Pilsner;Poland;7;Glass at bar;Cool;Sweetish, licorice edge;;5;;2014-12-29;
Cornelius Triple Blond;Browar Cornelius;Tripel;Poland;8;Bottle at desk;Cold;Nutty, boozy;;6;;2014-12-31;
Alter Beer Rubi Lager;Browar Cornelius;Imperial Pilsner;Poland;6.5;Bottle in bed;Cool;Sweet, rather nice;;7;;2014-12-31;
Tatra Jasne Pelne;Zywiec Brewery;Pale Lager;Poland;6;Bottle at desk;Cool;Strong edge, a bit off;;5;;2015-01-01;
Ciechan Wyborne Nieutrwalone;Browar Ciechan;Imperial Pilsner;Poland;6;Bottle in bed;Cool;Unremarkable, but drinkable. Fairly light;;6;;2015-01-01;
Bojan Wielkopolskie;Browar Bojanowo;Premium Lager;Poland;5;Bottle in bed;Cool;Unpleasant edge, not a big fan;;4;;2015-01-01;
Lubelskie Pils;Browary Lubelskie;Pilsner;Poland;5.6;Bottle at desk;Cool;Thin, inoffensive, fairly drinkable;;5;;2015-01-02;
Perla Porter Baltycki;Browary Lubelskie;Baltic Porter;Poland;9.2;Bottle at desk;Cool;Kind of tastes like cough syrup;;4;;2015-01-02;
Pinta Grodziskie;Browar Pinta;Grodziskie;Poland;2.6;Bottle at desk;Cool;Very interesting, but gives a sort of salami smell when drinking;;6;Points for novelty;2015-01-02;
Torunskie Krzepkie;Krajina Piva;Imperial Pilsner;Poland;6.8;Bottle at desk;Cool;Bitter, not particularly great;;4;;2015-01-04;
Porter Warwinski;Browar Kormoran;Baltic Porter;Poland;9;Bottle at desk;Cool;Fairly rich, licorice, quite pleasant;Licorice aftertaste;7;;2015-01-04;
Perla Kozlak;Browary Lubelskie;Dunkler Bock;Poland;7;Bottle at desk;Cool;Rich, chocolate taste, quite nice;Fairly fizzy, a bit off;7;;2015-01-05;
Lubelskie Mocne;Browary Lubelskie;Imperial Pilsner;Poland;7.6;Bottle at desk;Cool;Odd fizz, not great;;4;;2015-01-05;
Dzikie Ale;Browar Zwierzyniec;Brown Ale;Poland;4;Bottle at desk;Cool;Decent, not particularly memorable;A little fizzy;5;;2015-01-04;
Trybunalskie Miodowe;Browary Lubelskie;Honey Beer;Poland;6;Bottle at desk;Cool;Meh, not particularly great, odd sweetness;;4;;2015-01-04;
Lech Premium;Kompania Piwowarska;Premium Lager;Poland;5;Bottle at desk;Cool;Not a fan, the usual pale-lager that I don't like;;3;;2015-01-05;
Olimp Hera;Browar Olimp;Coffee Milk Stout;Poland;4.5;Bottle at desk;Cool;Thin taste, some coffee, not a particular favorite;;4;;2015-01-05;
Somersby Apple Original;Carlsberg;Apple Cider;Sweden;4.5;Bottle at desk;Cool;Very sweet (a bit too much), somewhat syrupy;;5;;2015-01-09;
St. George Beer;Kombolcha Brewery;Pale Lager;Ethiopia;4.5;Bottle at dinner;Cool;Fizzy, not great;;5;;2015-01-10;
Carlsberg Pilsner;Carlsberg;Pilsner;Denmark;5;Can at desk;Cool;Thin, unremarkable, drinkable;;6;;2015-01-12;
Flying Dog K-9 Cruiser;Flying Dog;Strong Ale;Maryland;7.4;Bottle while cooking;Cool;Rich, rather smooth, quite pleasant;;8;;2015-01-12;
Giraf Gold;Royal Unibrew;Pale Lager;Denmark;5.6;Can at desk;Cool;Lagerish;Very strange, sharp, not pleasant;4;;2015-01-12;
Potsdamer Stange;Braumanufaktur Forsthaus Templin;Kellerbier;Germany;4.8;Glass with lunch;Cool;Meh, beery;;4;;2015-01-13;
Royal Export;Royal Unibrew;Premium Lager;Denmark;5.8;Can at desk;Cool;Not great;;5;;2015-01-13;
Albani Odense Classic;Royal Unibrew;Vienna Lager;Denmark;4.6;Can in bed;Cool;Uninteresting, thin, not great;;3;;2015-01-13;
Kopparbergs Pear Cider;Kopparbergs Bryggeri;Pear Cider;Sweden;4.5;Bottle at desk;Cool;Too sweet, somewhat syrupy;;4;;2015-01-14;
Lindemans Faro;Lindemans;Faro;Belgium;4.5;Bottle with friends watching movie;Cool;Sweet, but decent;;6;;2015-01-14;
Organic Cider;Samuel Smith;Apple Cider;England;5;Bottle at dinner with friends;Cool;Tart, fairly nice;;7;;2015-01-15;
Belhaven Wee Heavy 90 Shilling;Belhaven;Scotch Ale;Scotland;7.4;Bottle at desk;Cool;Sweet, fut fairly pleasant;;7;;2015-01-16;
Belhaven McCallum's Stout;Belhaven;Stout;Scotland;4.1;Bottle at desk;Cool;Thin, not great;;5;;2015-01-22;
Staffelberg-Brau Hefe-Weizen;Staffelberg Brau;Hefeweizen;Germany;5.2;Bottle with dinner;Cool;Thin, not very interesting, meh;;5;;2015-01-23;
Kingfisher;United Breweries Group;Pale Lager;India;5;Glass at dinner with friends;Cool;Unremarkable, but drinkable;;6;;2015-01-16;
Eichhof Lager;Eichhof;Helles Lager;Switzerland;4.8;Glass at bar with friends;Cool;Meh;;5;;2015-01-16;
Fire Rock Pale Ale;Kona;Pale Ale;Hawaii;6;Bottle at desk;Cool;Hoppy, but well balanced. Fairly nice;;7;;2015-01-17;
O'Hara's Irish Pale Ale;Carlow;Pale Ale;Ireland;5.2;Bottle at desk;Cool;Somewhat harsh hops, not great;;4;;2015-01-18;
Boddingtons Pub Ale;Samlesbury;Bitter;England;4.6;Can while cooking;Cool;Thin, not a big fan;;4;;2015-01-20;
Abbot Ale;Greene King Morland Brewery;ESB;England;5;Can at desk;Cool;Thin taste, smooth, a little odd. Good but not my favorite style;;5;;2015-01-17;
Twisted Thistle IPA;Belhaven;IPA;Scotland;5.3;Bottle at desk;Cool;Smooth, nice hops;Aftertaste is weird;5;;2015-01-18;
Liberty Ale;Anchor;Pale Ale;California;5.9;Bottle while cooking;Cool;Rich and full, rather nice;;8;;2015-01-20;
Mr. Albi;Chodovar Brewery;Schwarzbier;Czech Republic;5;Bottle at desk;Cool;A bit thin, not that interesting;;5;;2015-01-22;
Carlsberg Elephant;Carlsberg;Strong Pale Lager;Denmark;7.5;Bottle in bed;Cool;Strong, lagery, okay but not my favorite;;5;;2015-01-22;
Swizly Swiss Cider;Mosterei Moehl;Apple Cider;Switzerland;5;Bottle in bed;Cool;A bit weird, maybe slightly too sweet;;5;;2015-01-21;
Moehl-Saft Apfelwein;Mosterei Moehl;Apple Cider;Switzerland;4;Bottle at desk;Cool;Apple juice;;4;;2015-01-24;
Alaskan Amber;Alaskan Brewing Company;Altbier;Alaska;5.3;Bottle at desk;Cool;Pleasant, rich;Somewhat fizzy;7;;2015-01-25;
Astra Rotlicht;St. Pauli Brewery;Helles Lager;Germany;6;Bottle at desk;Cool;Not that interesting;Fizzy, metallic;4;;2015-01-26;
Ramseier Suure Moscht Cidre Trouble;Poldor Suisse;Apple Cider;Switzerland;4;Bottle in bed;Cool;Tastes like apple juice;;4;;2015-01-23;
St. Peter's India Pale Ale;St. Peter's Brewery;IPA;England;5.5;Bottle at desk;Cool;Hoppy, bitter, not my favorite;;4;;2015-01-24;
I Cavalieri Rossa / Umbri Cotta 37;Mastri Birrai Umbri;Herb Beer;Italy;5.5;Glass at dinner with friends;Cool;Fairly pleasant;;7;;2015-01-29;
I Cavalieri Blonda / Umbri Cotta 21;Mastri Birrai Umbri;Specialbeer;Italy;5;Glass at dinner with friends;Cool;Smooth, pleasant;;7;;2015-01-29;
Organic Apricot;Samuel Smith;Fruit Ale;England;5.1;Bottle at desk;Cool;Quite nice, the apricot fits in very well, a good desert;;8;;2015-01-25;
St. Peter's Christmas Ale;St. Peter's Brewery;Strong Ale;England;7;Bottle at desk;Cool;Not very interesting, meh;;5;;2015-01-31;
St. Peter's Cream Stout;St. Peter's Brewery;Stout;England;6.5;Bottle in bed;Cool;Quite rich, very nice taste, especially good when just slightly cool;;9;;2015-02-03;
St. Peter's Honey Porter;St. Peter's Brewery;Porter;England;4.5;Bottle in bed;Cool;Licorice, pleasant but not great, kind of perfumy;;4;;2015-01-30;
St. Peter's Old-Style Porter;St. Peter's Brewery;Porter;England;5.1;Bottle at dinner;Cool;Full taste, rather decent;Odd taste;7;;2015-02-01;
Bulmers Original;Bulmers Cider;Apple Cider;England;4.5;Bottle while cooking;Cool;Odd edge, not great;;5;;2015-01-27;
Magners Original Irish;Bulmers Ireland;Apple Cider;Ireland;4.5;Bottle in bed;Cool;Not too sweet, but not interesting;;4;;2015-01-27;
Magners Pear;Bulmers Ireland;Pear Cider;Ireland;4.5;Bottle at desk;Cool;A little too sweet but overall nice;;7;;2015-01-25;
Savanna Dry;Distell;Apple Cider;South Africa;5;Bottle at desk;Cool;Nice and tart;Not great;6;;2015-01-27;
Strongbow;Bulmers Cider;Apple Cider;England;5;Can with dinner;Cool;Sour, but not that pleasant;;5;;2015-01-29;
Viru;A Le Coq (Olvi);Pale Lager;Estonia;5;Bottle at desk;Cool;Rich taste, rather pleasant;;7;;2015-02-05;
Crocodile Lager;Kroenliens Bryggeri;Pale Lager;Sweden;5.2;Bottle at desk;Cool;Thin, unpleasant;;3;;2015-01-28;
KISS Destroyer;Kroenliens Bryggeri;Pale Lager;Sweden;4.7;Bottle at desk;Cool;Lagerish. Okay, but not great;;5;;2015-01-29;
Duyck Jenlain Ambree;Duyck;Biere de Garde;France;7.5;Bottle at desk;Cool;Sweet, boozy;;5;;2015-02-05;
Asahi Super Dry;Asahi;Pale Lager;Japan;5;Bottle at desk;Cool;A decent lager, fine but unremarkable;;6;;2015-02-02;
Kirin Ichiban;Kirin;Pale Lager;Japan;5;Can at desk;Cool;Not great, but okay;;4;;2015-02-02;
Bayeux Cidre de Normandie Brut;Cidrerie Viard;Apple Cider;France;4.5;Glass at desk;Cool;Champagne-like, kind of off;Extremely fizzy;5;;2015-01-30;
Palma Cristal;Cerveceria Bucanero;Pale Lager;Cuba;4.9;Bottle at desk;Cool;Pretty bad, metallic taste;;2;;2015-01-31;
Cubanero Fuerte;Cerveceria Bucanero;Pale Lager;Cuba;5.4;Bottle at desk;Cool;Uninteresting, slightly metallic;;4;;2015-01-31;
Icelandic White Ale;Einstock Olgerd;Wit Beer;Iceland;5.2;Bottle at desk;Cool;A little spiced, but not much flavor. Boring;A little odd;4;;2015-02-05;
Icelandic Pale Ale;Einstock Olgerd;Pale Ale;Iceland;5.6;Bottle in bed;Cool;Hoppy but uninteresting;;4;;2015-02-08;
Icelandic Toasted Porter;Einstock Olgerd;Porter;Iceland;6;Bottle in bed;Cool;Sweet but not great;;4;;2015-02-08;
Nogne O Global Pale Ale;Nogne O / Hansa Borg;Pale Ale;Norway;4.5;Bottle at desk;Cool;Extremely hoppy, hard to taste much else;Fizzy;4;;2015-02-08;
Nogne O Two Captains Double IPA;Nogne O / Hansa Borg;IPA;Norway;8.5;Bottle at desk;Cool;Very hoppy, but okay;;5;;2015-02-11;
Nogne O IPA;Nogne O / Hansa Borg;IPA;Norway;7.5;Bottle at desk;Cool;Rather hoppy, but okay;;5;;2015-02-12;
Winterkoninck;Brewery De Koninck;Belgian Dark Ale;Belgium;6.5;Bottle at desk;Cool;Pleasant and full but not fantastic;Slightly metallic;7;;2015-02-09;
Efes Pilsner;Andaolu Efes;Pilsner;Turkey;5;Bottle in bed;Cool;Fizzy and lagery, but kind of okay;;6;;2015-02-07;
Jelen Pivo;Apatinska Pivara;Pale Lager;Serbia;5;Can in bed;Cool;Kind of unpleasant, odd edge;;4;;2015-02-07;
Jever Pilsner;Jever;Pilsner;Germany;4.9;Can in bed;Cool;Lagery, unpleasant;;3;;2015-02-07;
Faxe Premium;Royal Unibrew;Premium Lager;Denmark;5;Cup at party with friends, slight cold;Cool;Meh;;4;;2015-02-20;
Almaza Pilsener;Almaza Brewery;Pilsner;Lebanon;4;Glass at dinner with friends;Cool;Lagery, uninteresting;;4;;2015-02-06;
Les 3 Fourquets Lupulus;Les 3 Fourquets;Tripel;Belgium;8.5;Cup at party with friends, slight cold;Cool;Very hoppy, but okay;;6;;2015-02-20;
La Mere Noel;Huyghe Brewery;Strong Ale;Belgium;8.5;Cup at party with friends, slight cold;Semi-warm;Fairly full, but meh;;5;;2015-02-20;
Kenya Tusker Lager;Kenya Breweries;Pale Lager;Kenya;4.2;Bottle in bed;Cool;Lager, not much taste, uninteresing;;4;;2015-02-11;
Mythos;Mythos;Pale Lager;Greece;4.7;Bottle in bed, slight cold;Cool;Lagery, kind of off;;3;;2015-02-21;
Voltan Santorini Blonde;First Lomax;Pilsner;Greece;5;Bottle in bed, slight cold;Cool;Lagery, honey taste is weird, not great;;4;;2015-02-21;
Skol (Brazil);InBev;Pale Lager;Brazil;4.7;Bottle with dinner;Cool;Meh;;5;;2015-02-14;
Brahma Chopp;InBev;Pale Lager;Brazil;5;Bottle at desk;Cool;Oh look, more lager. Acceptable, though;;6;;2015-02-13;
Club Colombia;Grupo Empresarial Bavaria;Pale Lager;Colombia;4.7;Bottle at desk;Cool;Meh;;4;;2015-02-13;
Menaresta Bevera;Birrificio Menaresta;Blond Ale;Italy;4.2;Bottle at desk;Cool;Okay, not too remarkable but decent;;6;;2015-02-13;
Menaresta 22 La Verguenza;Birrificio Menaresta;Double IPA;Italy;7.5;Bottle while cooking;Cool;Sweet, quite hoppy;;5;;2015-02-14;
Menaresta 2 di Picche;Birrificio Menaresta;Black IPA;Italy;6.8;Bottle while cooking;Cool;Hoppy, okay but not great;;5;;2015-02-12;
Menaresta Scighera;Birrificio Menaresta;Wit Beer;Italy;4.5;Glass in bed;Cool;Decent, nice orange spice;;7;;2015-02-10;
Menaresta Felina;Birrificio Menaresta;Spice Beer;Italy;7.5;Bottle while cooking;Cool;Kind of weird, chemically;;4;;2015-02-12;
Pacena Centanario;Cerveceria Boliviana;Pale Lager;Bolivia;4.8;Bottle at desk;Cool;Mild, unremarkable but fine;;6;;2015-02-22;
Polar;Empresas Polar;Pale Lager;Venezuela;5;Bottle while cooking;Cool;Sweet taste, a little uninteresting;;5;;2015-03-14;
Quilmes Cristal;Cerveceria y Malteria Quilmes;Pale Lager;Argentina;4.9;Bottle while cooking;Cool;Decent, not particularly memorable;;6;;2015-03-10;
Nogne O Imperial Stout;Nogne O / Hansa Borg;Imperial Stout;Norway;9;Bottle at desk;Cool;Rather nice, rich taste, fairly hoppy;;8;;2015-02-24;
Coopers Original Pale Ale;Coopers Brewery;Blond Ale;Australia;4.5;Bottle at desk;Cool;Okay, a bit hoppy but fine;;6;;2015-02-25;
James Boags Premium Lager;J Boag & Son / San Miguel;Pale Lager;Australia;5;Bottle at desk;Cool;Lagery, okay but not great;;5;;2015-02-26;
Coopers Sparkling Ale;Coopers Brewery;Blond Ale;Australia;5.8;Bottle at desk;Cool;Meh, not that interesting but not bad;;5;;2015-02-24;
Coopers Best Extra Stout;Coopers Brewery;Stout;Australia;6.3;Bottle at desk;Cool;Fairly pleasant, kind of fizzy;;7;;2015-02-25;
Fosters Lager;Fosters;Pale Lager;Australia;5;Can at desk;Cool;Fairly drinkable, slightly sweet edge;;7;;2015-02-26;
Fosters Gold;Heineken UK;Pale Lager;England;4.8;Bottle at desk;Cool;Meh, unremarkable;;5;;2015-02-23;
Organic Strawberry;Samuel Smith;Fruit Ale;England;5.1;Bottle at desk;Cool;Kind of weird taste, odd edge;;5;;2015-02-24;
Faxe 10%;Royal Unibrew;Imperial Pilsner;Denmark;10;Glass at party with friends;Cool;Not great, boozy;;4;;2015-03-13;
Castelian Ch'ti de Noel Doree;Castelian;Strong Ale;France;7.5;Glass at party with friends;Cool;Decent;;6;;2015-03-13;
Tui East India Pale Ale;Tui Brewery;IPA;New Zealand;4;Bottle at desk;Cool;Fairly hoppy but otherwise decent;;7;;2015-02-28;
Steinlager Pure;Lion Breweries;Premium Lager;New Zealand;5;Bottle at desk;Cool;Not great taste, very lagery;Odd, kind of metallic;4;;2015-02-28;
Victoria Bitter;Carlton & United Breweries;Pale Lager;Australia;4.9;Bottle at desk;Cool;Pretty off, not pleasant;;3;;2015-02-27;
DB Draught;Asia Pacific Breweries;Vienna Lager;New Zealand;4;Bottle at desk;Cool;Hoppy, not great but okay;;5;;2015-02-27;
Steinlager Classic;Lion Breweries;Pale Lager;New Zealand;4.8;Bottle at desk;Cool;Just terrible;;1;;2015-03-12;
Flame Beer;Asia Pacific Breweries;Vienna Lager;New Zealand;5.2;Bottle at desk;Cool;Iffy, not that pleasant. Initial taste was kind of bad;;3;;2015-03-12;
Pedernales Lobo Negro;Pedernales Brewing Company;Dunkel;Texas;5.5;Glass at bar;Cool;Fairly rich, tasty, chicory;;8;;2015-03-01;
Remember the Alamo Golden Ale;Real Ale Brewing Company;Blond Ale;Texas;5.1;Bottle at restaurant;Cool;Hoppy edge, but kind of thin;;4;;2015-03-02;
Angry Orchard Traditional Dry;Angry Orchard;Apple Cider;Ohio;5.5;Bottle at bar with friends;Cool;Quite sweet, maybe too much. Otherwise okay;;5;;2015-03-02;
Lone Star;Pabst Brewing Company;Pale Lager;Texas;4.7;Bottle at bar;Cool;Meh, not super great;;4;;2015-03-02;
Shiner Bock;Spoetzl Brewery;Vienna Lager;Texas;4.4;Bottle at restaurant;Cool;Decent but unremarkable;;6;;2015-03-04;
Freetail Original;Freetail Brewing Company;Amber Ale;Texas;6.8;Glass at bar;Cool;Meh, beery, kind of sweet but unpleasant;;4;;2015-03-04;
Lux Mundi Patersbier;Save the World Brewing;Belgian Ale;Texas;5.8;Glass at bar;Cool;Decent, but unremarkable;;6;;2015-03-04;
Saint Arnold Santo;Saint Arnold Brewing;Schwarzbier;Texas;4.7;Bottle at restaurant with friend;Cool;Fairly nice, pleasant;;7;;2015-03-04;
Lone Pint Gentleman's Relish;Lone Pint Brewery;Brown Ale;Texas;6.2;Glass at restaurant with friends;Cool;Thin, kind of uninteresting;;5;;2015-03-06;
Old Mission Smoked Piloncillo Stout;Ensenada Brewing Company;Sweet Stout;Mexico;6;Bottle with dinner with friends;Cool;Quite pleasant, fairly rich taste;;8;;2015-03-06;
Shiner 106 Birthday Beer;Spoetzl Brewery;Sweet Stout;Texas;5;Glass at restaurant with friends;Cool;A bit thin, but okay;;6;;2015-03-07;
Presidio La Bahia Black Hefeweizen;Goliad Brewing Company;Dunkelweisen;Texas;;Glass at bar with friends;Cool;Okay, not fantastic;;6;;2015-03-07;
Bohemia Clasica;FEMSA;Pale Lager;Mexico;5.3;Bottle at restaurant with friends;Cool;Solid, pretty drinkable;;7;;2015-03-08;
White Rabbit;Independence Brewing Company;White Ale;Texas;5.9;Can at restaurant;Cool;Sweet but an odd edge;;5;;2015-03-09;
Hans' Pils;Real Ale Brewing Company;Pilsner;Texas;5.3;Can at desk with friends;Cool;Fairly nice;;7;;2015-03-09;
Horchata Porter;Ensenada Brewing Company;Porter;Mexico;6;Bottle in car;Cool;Taste is a bit weird, but nice edge;;6;;2015-03-10;
Sol;FEMSA;Pale Lager;Mexico;4.5;Bottle at desk;Cool;Pretty mediocre;;3;;2015-03-12;
Tschlin Biera Engiadinaisa;Bieraria Tschlin;Pilsner;Switzerland;5;Bottle at desk;Cool;Unremarkable, not that interesting;;5;;2015-03-14;
Club Bier 05 Wiesn Rausch;Liechtensteiner Brauhaus;German Hefeweizen;Liechtenstein;5.8;Bottle at desk;Cool;Not super-great, a bit iffy;;4;;2015-03-16;
Club Bier 02 Alpen Pale Ale;Liechtensteiner Brauhaus;IPA;Liechtenstein;5.4;Bottle at desk;Cool;Fairly decent, not bad;;6;;2015-03-15;
Corona Extra;Grupo Modelo;Pale Lager;Mexico;4.6;Bottle at desk;Cool;Meh, beery, not great;;4;;2015-03-15;
Monteith's Black Beer;Monteith's Brewing Company;Schwarzbier;New Zealand;5.2;Bottle at desk;Cool;Rich but not that great;Odd, thin, unpleasant bitter;4;;2015-03-17;
Sudwerk Western Rider;Sudwerk;American Pale Ale;Switzerland;5;Bottle at desk;Cool;Very hoppy, not my favorite;;4;;2015-03-23;
Sudwerk Pacific Pioneer;Sudwerk;Porter;Switzerland;6;Bottle at desk;Cool;Okay, but not super great;Slightly off aftertaste;5;;2015-03-20;
Sudwerk Summit;Sudwerk;IPA;Switzerland;7;Bottle at desk;Cool;Super hoppy, unpleasantly so;;3;;2015-03-23;
Lindemans Pecheresse;Lindemans;Fruit Ale;Belgium;2.5;Bottle at desk;Cool;Fairly pleasant and rich, but a little too sweet;;6;;2015-03-17;
Boelkstoff;Flensburger Brauerei;Premium Lager;Germany;4.8;Bottle at desk;Cool;Lagery, not pleasant;;3;;2015-03-20;
Hoevels Original;Dortmunder Actien Brauerei;Amber Ale;Germany;5.5;Bottle at desk;Cool;A little weird, strange sweet taste;Off, slightly metallic;4;;2015-03-22;
Augustiner Edelstoff;Augustiner-Braeu;Dortmunder;Germany;5.6;Bottle at desk;Cool;Pretty pleasant. But not fantastic;;6;;2015-03-19;
Lion Lager;Lion Brewery Sri Lanka;Premium Lager;Sri Lanka;4.8;Bottle at desk;Cool;Meh, uninteresting;;4;;2015-03-21;
Lion Stout;Lion Brewery Sri Lanka;Stout;Sri Lanka;8.8;Bottle at desk;Cool;Sweet but not great, boozy edge;;4;;2015-03-21;
Lion Strong Beer;Lion Brewery Sri Lanka;Imperial Pilsner;Sri Lanka;8.8;Bottle at desk;Cool;Boozy, kind of unpleasant, sweet edge;;4;;2015-03-21;
Amber Beer;Kombolcha Brewery;Amber Lager;Ethiopia;6;Bottle at desk;Cool;Lagery, uninteresting;;4;;2015-03-25;
Boon Kriek Mariage Parfait;Boon Brewery;Lambic;Belgium;8;Glass at party with friends;Cool;Meh, kind of odd champagney;;5;;2015-03-28;
Toccalmatto Dudes;Birrificio Toccalmatto;Barley Wine;Italy;12;Glass at party with friends;Cool;Quite nice, interesting whisky taste. Very good.;;8;;2015-03-28;
Lindemans Gueuze;Lindemans;Gueze;Belgium;5;Bottle at desk;Cool;Initial taste is harsh;Nice sourness and aftertaste;7;;2015-03-23;
Mont Saleve Sorachi Ace Bitter;Mont Saleve;Session IPA;France;2.5;Bottle at desk;Cool;Very bitter, not enjoyable;;3;;2015-03-24;
Boon Oude Geuze Mariage Parfait;Boon Brewery;Gueze;Belgium;8;Glass at party with friends;Cool;Meh, kind of odd champagney;;5;;2015-03-28;
Mont Saleve Blanche;Mont Saleve;Wit Beer;France;5;Bottle at desk;Cool;Kind of odd, interesting spices but not great;;5;;2015-03-24;
Rhythm & Blues;De Molen Brewery;Barley Wine;Netherlands;10.2;Bottle at desk;Cool;Boozy, whisky taste but rather unpleasant, sweet edge;;4;;2015-03-25;
Rasputin;De Molen Brewery;Imperial Stout;Netherlands;10.4;Bottle at desk;Cool;Boozy, rich but not great;;5;;2015-03-26;
Blikken & Blozen;De Molen Brewery;Saison Ale;Netherlands;8.5;Bottle at desk;Cool;Sweet, boozy, okay;;6;;2015-03-25;
t IJ Ijwit;Brouwerij 't IJ;Wit Beer;Netherlands;6.5;Bottle at desk;Cool;Fairly decent, nice spice;;6;;2015-03-27;
Mout & Mocca;De Molen Brewery;Imperial Stout;Netherlands;11.6;Bottle at desk;Cool;Very sweet, tastes like cough syrup;Burnt aftertaste;2;;2015-03-27;
Castel Beer;Kombolcha Brewery;Pale Lager;Ethiopia;5.5;Bottle at desk;Cool;Lagery, fairly mild, okay;;5;;2015-03-29;
Harviestoun Ola Dubh (12 Year);Harviestoun Brewery;Old Ale;Scotland;8;Bottle at desk;Cool;Very nice, rich taste. Pleasant burnt edges;;9;;2015-03-30;
Urban-Keller's Steinbier;Gusswerk;Amber Lager;Austria;5.4;Bottle at desk;Cool;Kind of sweet, fairly decent;Fizzy;5;;2015-03-29;
Nicobar India Pale Ale;Gusswerk;IPA;Austria;6.4;Bottle at desk;Cool;Too hoppy, not great;;4;;2015-03-29;
Locher Naturperle;Locher Appenzeller;Kellerbier;Switzerland;5;Bottle on couch;Cool;Fairly unremarkable, but drinkable;;5;;2015-03-28;
Kvass Russian Soda;KBAC GmbH;Kvass;Germany;0.5;Bottle at desk;Cool;Sweet, kind of like a soda, mild, fairly pleasant;;7;;2015-03-29;
Bishops Finger;Shepherd Neame;ESB;England;5.4;Bottle at desk;Cool;Slight bitterness, but smooth. Quite decent;;8;;2015-03-31;
Utenos Alus;Utenos;Pale Lager;Lithuania;5;Bottle while cooking;Cool;An okay lager, fairly mild, but not great;;5;;2015-04-02;
Svyturys Ekstra;Svyturys;Helles Lager;Lithuania;5.2;Bottle in bed;Cool;Fairly decent, nice lager taste;;7;;2015-04-03;
Newton's Folly Granny Smith Cider;Vermont Hard Cider Company;Apple Cider;Vermont;5;Glass at desk;Cool;Okay, decent tartness;A little odd;6;;2015-04-05;
Utenos Porter;Utenos;Baltic Porter;Lithuania;6.8;Bottle with dinner;Cool;Fairly mild, rather pleasant;;7;;2015-04-05;
Highway 128 Blood Orange Gose;Anderson Valley;Gose;California;4.2;Can in bed;Cool;Slightly salty and sweet, strong orange taste, quite pleasant;;8;;2015-04-04;
Ephemere Apple;Unibroue;Fruit Ale;Quebec;5.5;Glass in bed;Cool;Kind of unpleasant, odd taste;;4;;2015-04-08;
Flying Horse Royal Lager Beer;United Breweries Group;Pale Lager;India;4.7;Bottle at desk;Cool;Meh, lager;;5;;2015-04-09;
Taj Mahal;United Breweries Group;Pale Lager;India;4.5;Bottle at desk;Cool;Not particularly great, lagery. I'm not a big fan.;;4;;2015-04-08;
Okocim O.K. Beer;Okocim / Carlsberg;Premium Lager;Poland;5.6;Bottle at desk;Cool;Not very pleasant;;4;;2015-04-09;
Maharaja Premium Indian Pilsner;United Breweries Group;Pilsner;India;5;Bottle at desk;Cool;An okay lager, pretty mild, decent;;6;;2015-04-07;
Hitachino Nest Red Rice Ale;Kiuchi Brewery;Rice Beer;Japan;7;Bottle at desk;Cool;Decent, beery, a little spicy;;6;;2015-04-06;
Hitachino Nest White Ale;Kiuchi Brewery;Wit Beer;Japan;5.5;Bottle while cooking;Cool;Okay, but unremarkable;;6;;2015-04-07;
Red Poppy Ale;Lost Abbey;Sour Red;California;5;Bottle while cooking;Cool;Fizzy, but otherwise very nice;;10;;2015-04-12;
JosephsBrau Spring Prost;Gordon Biersch Brewing Company;Heller Bock;California;7.3;Bottle while working;Cool;Not that interesting;;5;;2015-04-11;
Xingu;FEMSA;Schwarzbier;Brazil;4.6;Glass at bar with friends;Cool;Decent enough;;7;;2015-04-10;
Green Goblin;Thatschers Cider;Apple Cider;England;6;Glass at bar with friends;Cool;Kind of weird sweetness;;5;;2015-04-10;
Montejo;Grupo Modelo;Pale Lager;Mexico;4.5;Glass at bar with friends;Cool;Lagery, meh;;5;;2015-04-10;
Livivske Mitzne;Lvivska Pivovarnya;Imperial Pilsner;Ukraine;7;Bottle in bed with dinner;Cool;Boozy, not that pleasant, kind of sweet;;4;;2015-04-12;
Blackthorn Dry Cider;Magners GB;Apple Cider;England;5;Glass at bar with friend;Cool;A bit too sweet;;5;;2015-04-13;
Ommegang Glimmerglass Saison;Ommegang Brewery;Saison Ale;New York;5.4;Glass at bar with friend;Cool;Meh;;5;;2015-04-13;
Craftsman Polochic;Craftsman;Saison Ale;California;6.6;Glass at bar with friend;Cool;;;4;;2015-04-13;
Dark Red Baltijos;Svyturys;Marzen;Lithuania;5.8;Bottle at desk after bicycling;Cool;Meh, beery;;5;;2015-04-14;
Dan Armor Cuvee Speciale Cidre Brut;Cidrere Dujardin Conde-sur-Vire / Agriale;Apple Cider;France;5;Glass with dinner with girlfriend;Cool;Nice and dry, tastes very champagne-like;;7;;2015-04-15;
Lvivske White Lion;Lvivska Pivovarnya;Wit Beer;Ukraine;4.2;Bottle with dinner with girlfriend;Cool;Not great;;4;;2015-04-16;
Lvivske Blonde;Lvivska Pivovarnya;Pale Lager;Ukraine;3.7;Bottle with dinner with girlfriend;Cool;Kind of bad;;3;;2015-04-16;
Ace Pear Cider;California Cider Company;Pear Cider;California;5;Bottle with dinner with girlfriend;Cool;Kind of like juice, but okay;;6;;2015-04-19;
Velvet / Barhatnoye;Baltika Brewery;Dark Lager;Russia;4.6;Bottle at desk;Cool;Quite nice and mild;;8;;2015-04-17;
Lvivske 1715;Lvivska Pivovarnya;Premium Lager;Ukraine;4.7;Bottle at desk;Cool;Not pleasant;;3;;2015-04-20;
Kilikia Beer;Yerevan Brewery;Pale Lager;Armenia;4.8;Bottle while cooking;Cool;Lager, uninteresting;;4;;2015-04-21;
Kilikia Dark;Yerevan Brewery;Marzen;Armenia;4.4;Bottle at desk;Cool;No;;3;;2015-04-21;
Kilikia Tonakan;Yerevan Brewery;Premium Lager;Armenia;5.3;Bottle at desk;Cool;Unpleasant, not nice to drink;;3;;2015-04-20;
Yerevan Zhigulyovskoye;Yerevan Brewery;Pale Lager;Armenia;5;Bottle at desk;Cool;Yep, that's pretty unpleasant;;2;;2015-04-20;
Dale's Pale Ale;Oskar Blues;Pale Ale;Colorado;6.5;Bottle with spicy food with girlfriend;Cool;Very hoppy, but okay;;6;;2015-04-21;
Woodchuck Hopsation;Vermont Hard Cider Company;Apple Cider;Vermont;5;Glass at desk with girlfriend;Cool;Hoppy, dry, rather decent;;7;;2015-04-21;
Portage Porter;New Belgium;Porter;Colorado;6;Bottle in bed;Cool;Okay, not fantastic;;5;;2015-04-22;
Skinny Dip;New Belgium;Belgian Ale;Colorado;4.2;Bottle while cooking;Cool;Hoppy but uninteresting;;5;;2015-04-22;
Braggot Rights;Harpoon Brewery;Honey Ale;Massachusetts;8;Glass at party;Cool;Quite nice balance of sweetness and bitterness;;8;;2015-04-24;
Catamount Maple Wheat;Harpoon Brewery;Wheat Ale;Massachusetts;6.8;Glass at party;Cool;Decent;;6;;2015-04-24;
Toque and Tonic;Harpoon Brewery;Unknown;Massachusetts;;Glass at party;Cool;;;5;;2015-04-24;
Go Long;Harpoon Brewery;Unknown;Massachusetts;;Glass at party;Cool;;;4;;2015-04-24;
Boston Irish Stout;Harpoon Brewery;Dry Stout;Massachusetts;4.3;Glass at party;Cool;;;3;;2015-04-24;
Summer Beer;Harpoon Brewery;Kolsch;Massachusetts;4.8;Glass at party;Cool;;;6;;2015-04-24;
UFO Hefeweizen;Harpoon Brewery;Wheat Ale;Massachusetts;5;Glass at party;Cool;;;5;;2015-04-24;
UFO White;Harpoon Brewery;Wit Beer;Massachusetts;4.8;Glass at party;Cool;;;6;;2015-04-24;
Hazel Evylyn;Harpoon Brewery;Unknown;Massachusetts;;Glass at party;Cool;Pretty nice;;7;;2015-04-24;
Craft Cider;Harpoon Brewery;Apple Cider;Massachusetts;4.8;Glass at party;Cool;Rather sweet, but decent;;6;;2015-04-24;
Stone Go To IPA;Stone;Session IPA;California;4.5;Bottle at dinner with girlfriend;Cool;Hoppy but uninteresting;;5;;2015-04-27;
Stone IPA;Stone;IPA;California;6.9;Bottle in bed;Cool;Very hoppy, not my favorite;;4;;2015-04-28;
Ace Pineapple Cider;California Cider Company;Pineapple Cider;California;5;Glass with dinner with girlfriend;Cool;A bit too sweet, kind of apple-y;;4;;2015-04-29;
Anchor Saison;Anchor;Saison Ale;California;7.2;Bottle at desk;Cool;A little fizzy, but nice;;7;;2015-04-27;
Harpoon IPA;Harpoon Brewery;IPA;Massachusetts;5.9;Glass at party;Cool;Decent;;6;;2015-04-25;
Grey Lady;Cisco Brewers;Wit Beer;Massachusetts;4.5;Glass at party;Cool;;;6;;2015-04-25;
Bud Light;Budweiser;Pale Lager;Missouri;4.1;Glass at party;Cool;Drinkable, but unremarkable;;5;;2015-04-25;
Zatecky Gus;Baltika Brewery;Czech Pilsner;Russia;4.6;Bottle with dinner with girlfriend;Cool;A decent lager, fine but unremarkable;;6;;2015-05-01;
Zatecky Gus Cerny;Baltika Brewery;Schwarzbier;Russia;3.5;Bottle in bed;Cool;Sweet, fairly mild, kind of pleasant;;6;;2015-04-29;
Zatecky Gus Lezak;Baltika Brewery;Czech Pilsner;Russia;5;Bottle at desk;Cool;Fairly mild, rather pleasant;;6;;2015-04-30;
Baltika 0;Baltika Brewery;Unknown;Russia;0.5;Bottle at desk;Cool;Meh;;4;;2015-05-03;
Baltika 2;Baltika Brewery;Pale Lager;Russia;4.7;Bottle at desk;Cool;Meh;;4;;2015-05-03;
Baltika 3;Baltika Brewery;Pale Lager;Russia;4.8;Bottle at desk;Cool;Kind of harsh, not great;;5;;2015-04-30;
Baltika 4;Baltika Brewery;Dunkel;Russia;5.6;Bottle in bed;Cool;A little thin and soda-like;;5;;2015-05-02;
Bayerischer Bahnhof Leipziger Gose;Gasthaus Gayerischer Bahnhof;Gose;Germany;4.6;Glass at party;Cool;Rather thin, uninteresting;;4;;2015-04-30;
Aecht Schlenkerla Fastenfier;Braueri Heller;Smoked Lager;Germany;5.5;Glass at party;Cool;Decent;;5;;2015-04-30;
Anthem Pear;Wandering Aengus Ciderworks;Perry;Oregon;6.2;Glass with dinner with girlfriend;Cool;Kind of nice sweetness, decent;;7;;2015-05-03;
Baltika 6;Baltika Brewery;Porter;Russia;7;Bottle at desk;Cool;Fairly decent, nice and rich;;7;;2015-05-05;
Baltika 8;Baltika Brewery;German Hefeweizen;Russia;5;Bottle at desk;Cool;Fairly decent, decent sweetness;;6;;2015-05-04;
Baltika 9;Baltika Brewery;Imperial Pilsner;Russia;8;Bottle at desk;Cool;Boozy, kind of unpleasant, sweet edge;;4;;2015-05-05;
Rogue Chipotle Ale;Rogue;Spiced Ale;Oregon;5.5;Bottle at desk;Cool;Sweet, spicy, a bit odd though;;7;;2015-05-08;
Black Market Hefeweizen;Black Market Brewing Company;Hefeweizen;California;5;Glass at dinner with friends;Cool;Rather nice;;8;;2015-05-08;
Obolon Magnat;Obolon;Pale Lager;Ukraine;5.2;Bottle in bed;Cool;Pretty bad, metallic taste;;2;;2015-05-09;
Yorkshire Stingo;Samuel Smith;Strong Ale;England;9;Bottle at dinner with girlfriend;Cool;Extremely nice, rich taste. A little dry at times but great;;9;;2015-05-06;
HaandBryggeriet Dark Force;HaandBryggeriet;Imperial Stout;Norway;9;Bottle at dinner with girlfriend;Cool;Excessively sweet, odd boozy taste;;5;;2015-05-07;
Shakespeare Oatmeal Stout;Rogue;Stout;Oregon;6;Bottle in bed;Cool;Pleasant, but not great;Pretty weird;5;;2015-05-09;
Reverend Nat's Hallelujah Hopricot;Reverend Nat's Hard Cider;Apple Cider;Oregon;6.5;Bottle at dinner with girlfriend;Cool;Very pleasant blend and sourness;;9;;2015-05-09;
Baltika 5;Baltika Brewery;Pale Lager;Russia;5.3;Bottle while cooking;Cool;Meh;;5;;2015-05-10;
Baltika 7;Baltika Brewery;Pale Lager;Russia;5.4;Bottle in bed;Cool;Slightly off lager taste, meh;;5;;2015-05-10;
Lips of Faith Cocoa Mole;New Belgium;Spiced Porter;Colorado;9;Bottle in bed;Cool;Spicy, rich, boozy feel;;8;;2015-05-11;
Rear Republic Racer 5 IPA;Bear Republic;IPA;California;7.5;Bottle in bed;Cool;Nice sweetness but excessively hoppy;;5;;2015-05-11;
Rogue Chocolate Stout;Rogue;Sweet Stout;Oregon;6.3;Bottle while cooking;Cool;Unpleasant edge;;5;;2015-05-12;
Anthem Cider;Wandering Aengus Ciderworks;Apple Cider;Oregon;6;Bottle with spicy food with girlfriend;Cool;A bit too sweet;;5;;2015-05-12;
Trois Pistoles;Unibroue;Quadrupel;Quebec;9;Bottle with dinner with girlfriend;Cool;Decent, some spice but not super-remarkable;;7;;2015-05-13;
Aspall Dry English Cider;Aspall Cyder;Apple Cider;England;6.8;Glass in bed;Cool;Kind of odd;;5;;2015-05-15;
Summer Solstice;Anderson Valley;Spiced Ale;California;5;Can as party;Cool;Meh;;6;;2015-05-15;
Summerfest;Sierra Nevada;Pilsner;California;5;Bottle at party;Cool;;;5;;2015-05-15;
Mana Wheat;Maui Brewing;Fruit Ale;Hawaii;5.5;Can at restaurant;Cool;;;5;;2015-05-16;
La Terrible;Unibroue;Quadrupel;Quebec;10.5;Bottle with spicy food;Cool;Molassy, but a bit too sweet;;5;;2015-05-17;
Tieton Cider Works Blend Cider;Tieton Cider Works;Apple Cider;Washington;7;Glass at dinner with girlfriend;Cool;Light, but nice dryness;;7;;2015-05-18;
The Kimmie, The Yink, and the Holy Gose;Anderson Valley;Gose;California;4.2;Can in bed;Cool;Nice and tart;Slightly salty;9;;2015-05-18;
Cali-Belgique IPA;Stone;IPA;California;6.9;Bottle in bed;Cool;Very hoppy, meh;;5;;2015-05-19;
Don de Dieu;Unibroue;Belgian Ale;Quebec;9;Bottle while cooking;Cool;Meh;;5;;2015-05-19;
Fat Tire;New Belgium;Amber Ale;Colorado;5.2;Bottle in bed;Cool;Quite decent, full taste;Beery;7;;2015-05-20;
Blue Moon;Coors;Wit Beer;Colorado;5.4;Bottle in bed;Cool;Kind of off, not great;;4;;2015-05-20;
Samuel Adams Summer Ale;Boston Beer Company;Wheat Ale;Massachusetts;5.3;Bottle in bed;Cool;Not super great;;4;;2015-05-21;
Red Tail;Mendocino;Amber Ale;California;6;Bottle with spicy food;Cool;Very hoppy and kind of off;;4;;2015-05-21;
Newton's Folly Draft Cider;Vermont Hard Cider Company;Apple Cider;Vermont;5;Bottle in bed;Cool;Tastes like apple juice;;5;;2015-05-21;
Le Terroir;New Belgium;Wild Ale;Colorado;7.5;Glass at bar with friends;Cool;;;7;;2015-05-22;
Hullabaloo Winter Beer;Hanger 24;Scottish Ale;California;6.5;Glass at bar with friends;Cool;;;7;;2015-05-22;
Moritz;Cervezas Moritz;Pale Lager;Spain;5.4;Glass at bar with friends;Cool;;;5;;2015-05-22;
Eye of the Hawk;Mendocino;Strong Ale;California;8;Bottle in bed;Cool;;;8;;2015-05-23;
Reverend Nat's Deliverance Ginger Tonic;Reverend Nat's Hard Cider;Apple Cider;Oregon;6.9;Thermos at concert;Cool;;;3;;2015-05-24;
Black Toad Distinctive Dark Ale;Gordon Biersch Brewing Company;Brown Ale;California;5.3;Bottle at dinner with girlfriend;Cool;Quite nice, rich taste;;8;;2015-05-26;
Finnriver Pear Cider;Finnriver Cidery;Perry;Washington;6.5;Glass at dinner with girlfriend;Cool;A bit too sweet but good;;7;;2015-05-28;
Primator Double Bock;Pivovar Nachod;Doppelbock;Czech Republic;10.5;Glass in bed;Cool;;;4;;2015-05-29;
Alaskan Smoked Porter;Alaskan Brewing Company;Smoked Porter;Alaska;6.5;Glass at bar;Cool;;;6;;2015-05-31;
Simpler Times Pilsner;Minhas Craft Brewery;Pilsner;Wisconsin;5.5;Can in bed;Cool;Pretty bad, fizzy taste;;3;;2015-06-01;
Name Tag / Red Oval;Minhas Craft Brewery;Pale Lager;Wisconsin;6;Can at dinner;Cool;Meh;;4;;2015-06-01;
Hell or High Watermelon;21st Amendment Brewery;Fruit Ale;California;4.9;Can in bed;Cool;Pretty off, not pleasant;;3;;2015-06-02;
Firestone Walker 805;Firestone Walker;Blond Ale;California;4.7;Can in bed;Cool;Meh;;4;;2015-06-02;
Mississippi Mud Black & Tan;FX Matt Brewing Company;Porter;New York;5;Glass in bed;Cool;Thin taste, not great;;4;;2015-06-03;
Primator Premium Lager;Pivovar Nachod;Czech Pilsner;Czech Republic;5;Bottle in bed;Cool;Uninteresting but okay;;6;;2015-06-03;
Budweiser;Budweiser;Pale Lager;Missouri;5;Can at concert;Cool;Meh;;5;;2015-06-03;
Primator Hefeweizen;Pivovar Nachod;Hefeweizen;Czech Republic;5;Bottle at desk;Cool;Not great;;4;;2015-06-05;
Primator Premium Dark Lager;Pivovar Nachod;Tmavy;Czech Republic;4.8;Bottle at bed;Cool;Meh;;6;;2015-06-04;
Full Sail Session Black Lager;Full Sail;Dunkel;Oregon;5.4;Bottle in bed;Cool;Pretty rich, decent;;7;;2015-06-05;
Full Sail Amber Ale;Full Sail;Amber Ale;Oregon;5.5;Bottle in bed;Cool;Good but not too remarkable;;7;;2015-06-06;
Full Sail Session Premium Lager;Full Sail;Premium Lager;Oregon;5.2;Bottle in bed;Cool;Pretty typical lager;;5;;2015-06-06;
Sahtea;Dogfish Head;Sahti;Delaware;9;Glass at dinner with friends;Cool;Very interesting taste;;9;;2015-06-09;
Finnriver Dry Hopped Cider;Finnriver Cidery;Apple Cider;Washington;6.5;Glass at dinner with friends;Cool;;;6;;2015-06-09;
Finnriver Black Currant;Finnriver Cidery;Apple Cider;Washington;6.5;Glass at dinner with friends;Cool;;;8;;2015-06-09;
Kennebunkport Porter;Kennebunkport Brewing Company;Porter;Maine;5.6;Bottle in bed;Cool;Okay;;6;;2015-06-10;
Angel City Angelino IPA;Angel City;IPA;California;6.1;Glass at bar;Cool;Pretty decent taste;;7;;2015-06-11;
Kennebunkport IPA;Kennebunkport Brewing Company;IPA;Maine;6;Bottle while cooking;Cool;Meh;;5;;2015-06-12;
West Avenue Heritage Dry Cider;West Avenue Cider;Apple Cider;Ontario;6.2;Glass at bar with friends;Cool;A little too sweet but overall nice;;6;;2015-06-13;
Bellwoods Brown Porter;Bellwoords Brewery;Porter;Ontario;5.2;Glass at bar with friends;Cool;Decent;;7;;2015-06-13;
Steam Whistle Pilsner;Steam Whistle Brewing;Pilsner;Ontario;5;Glass at party;Cool;Meh;;5;;2015-06-14;
Alexander Kieth's IPA;Alexander Kieth's;IPA;Nova Scotia;5;Glass at party;Cool;Okay but uninteresting;;6;;2015-06-14;
Kennebunkport Blueberry Wheat Ale;Kennebunkport Brewing Company;Fruit Ale;Maine;4.7;Bottle in bed;Cool;Kind of okay;Pretty weird;4;;2015-06-17;
Figueroa Mountain Danish Red Lager;Figueroa Mountain Brewing;Amber Lager;California;5;Glass at bar with friends;Cool;Decent enough;;6;;2015-06-19;
Rockmill Brewing Saison Noir;Rockmill Brewing;Saison Ale;Ohio;8;Glass at bar with friends;Cool;Decent;;7;;2015-06-25;
Rockmill Brewing Witbier;Rockmill Brewing;Wit Beer;Ohio;6;Glass at bar with friends;Cool;Okay;;6;;2015-06-25;
Saint Archer White Ale;Saint Archer;Wit Beer;California;5;Glass at dinner with girlfriend;Cool;Okay;;6;;2015-06-28;
Devil's Canyon Thomas Morgan Amber Ale;Devils Canyon;Amber Ale;California;5.4;Glass at dinner with friends;Cool;Meh;;5;;2015-06-30;
Boonvile Bite Hard Cider;Boonville Cider House;Apple Cider;California;6.9;Bottle at bar with friends;Cool;Decent;;7;;2015-06-30;
North Coast Old No 38 Stout;North Coast;Dry Stout;California;5.6;Bottle at bar with friends;Cool;Quite nice;;8;;2015-06-30;
Buffalo Bills Ricochet Red;Buffalo Bills Brewery;California Common;California;6.9;Glass at dinner with friends;Cool;Fine;;7;;2015-07-02;
Johnny Midnight Oatmeal Stout;Buffalo Bills Brewery;Stout;California;7.5;Glass at dinner with friends;Cool;Meh;;5;;2015-07-02;
Alaskan Summer Ale;Alaskan Brewing Company;Kolsch;Alaska;5.3;Bottle at party;Cool;Pretty nice;;8;;2015-07-04;
Old Rasputin;North Coast;Imperial Stout;California;9;Glass in bed;Cool;Very hoppy, full taste;;6;;2015-07-06;
90 Minute IPA;Dogfish Head;Imperial IPA;Delaware;9;Glass at lunch with friends;Cool;Hoppy but good;;8;;2015-07-09;
Boont Amber Ale;Anderson Valley;Amber Ale;California;5.8;Bottle at dinner with girlfriend;Cool;Okay;;6;;2015-07-10;
Calicraft Oaktown Brown Ale;Calicraft;Brown Ale;California;6.7;Glass after exercise with friends;Cool;Pretty nice;;7;;2015-07-11;
Firestone Easy Jack IPA;Firestone Walker;Session IPA;California;4.7;Can at dinner with girlfriend;Cool;Decent, very hoppy;;6;;2015-07-13;
El Guero;Ol' Burro Brewery;Blond Ale;California;4.8;Can at desk;Cool;Rather nice, pleasant taste;A bit odd, but minor;7;;2015-07-14;
Ale Industries Rye'd Piper;Ale Industries;Red Ale;California;5.8;Glass at bar with friends;Cool;Fairly decent, full taste;;7;;2015-07-14;
PranQster Belgian;North Coast;Belgian Ale;California;7.6;Glass at bar with friends;Cool;Okay, not remarkable;;6;;2015-07-14;
Point the Way IPA;Golden Road;IPA;California;5.9;Can at dinner with girlfriend;Cool;Pretty decent, nice level of hoppiness;;8;;2015-07-15;
Almanac Golden Gate Gose;Almanac Beer Company;Gose;California;5;Bottle at dinner with girlfriend;Cool;Okay;Weird;6;;2015-07-16;
Barney Flats Oatmeal Stout;Anderson Valley;Stout;California;5.8;Bottle at desk;Cool;Quite nice, full taste;;9;;2015-07-17;
Stone Pale Ale;Stone;Pale Ale;California;5.4;Bottle at party with friends;Cool;Fairly straightforward;;6;;2015-07-18;
Deschutes Jubel 2015;Deschutes Brewery;Strong Ale;Oregon;10.4;Bottle at party with friends;Cool;Quite rich taste, pretty interesting;;8;;2015-07-18;
Lagunitas Equinox Ale;Lagunitas;Strong Ale;California;8;Bottle at desk;Cool;Too hoppy, not great;;5;;2015-07-20;
Stella Artois;InBev;Pale Lager;Belgium;5.2;Bottle at desk;Cool;Meh, unpleasant lager;;4;;2015-07-22;
Brother David's Triple Abbey Style Ale;Anderson Valley;Tripel;California;10;Bottle at desk;Cool;Very boozy but not great;;6;;2015-07-22;
Speakeasy Tallulah XPA;Speakeasy;Pale Ale;California;5.6;Bottle with dinner eating spicy food;Cool;Meh;;5;;2015-07-25;
Speakeasy Big Daddy IPA;Speakeasy;IPA;California;6.5;Bottle with dinner eating spicy food;Cool;Very hoppy, not great;;5;;2015-07-25;
Wunderbier;Ninkasi;Kolsch;Oregon;4.4;Bottle at desk;Cool;Fine, not too interesting;;6;;2015-07-25;
Drake's Black Robusto;Drake's Brewing Company;Porter;California;6.3;Bottle at desk;Cool;Not a fan;;4;;2015-07-27;
Total Domination;Ninkasi;IPA;California;6.7;Bottle with dinner with girlfriend;Cool;Very hoppy, but decent;;7;;2015-07-29;
Calicraft Cali Coeast;Calicraft;Kolsch;California;4.8;Bottle at desk;Cool;Fairly decent, nothing too remarkable;;7;;2015-07-31;
Calicraft The City;Calicraft;IPA;California;6.4;Bottle in bed;Cool;Hoppy but not great;;5;;2015-07-31;
Sierra Nevada Oktoberfest;Sierra Nevada;Marzen;California;5.4;Bottle at dinner;Cool;Fairly good;;7;;2015-08-05;
Eel River Certified Organic Amber Ale;Eel River;Amber Ale;California;4.8;Bottle at desk;Cool;Meh;;6;;2015-08-07;
Samuel Adams Cold Snap;Boston Beer Company;Wit Beer;Massachusetts;5.3;Bottle at desk;Cool;Fine but unremarkable;;6;;2015-08-10;
Samuel Adams Octoberfest;Boston Beer Company;Marzen;Massachusetts;5.3;Bottle with dinner;Cool;Pretty decent;;7;;2015-08-09;
329 Lager;Golden Road;Premium Lager;California;4.8;Can in bed;Cool;Not great;;4;;2015-08-11;
Anchor California Lager;Anchor;Premium Lager;California;4.9;Cup at bar with friends;Cool;;;6;;2015-08-12;
Anchor Porter;Anchor;Porter;California;5.6;Cup at bar with friends;Cool;Pretty decent;;8;;2015-08-12;
Anchor Luxardo Cherry Ale;Anchor;Brown Ale;California;6;Cup at bar with friends;Cool;;;5;;2015-08-12;
Anchor Big Leaf Maple;Anchor;Red Ale;California;6;Cup at bar with friends;Cool;;;7;;2015-08-12;
The Original Hard Apple Cider;Square Mile;Apple Cider;Oregon;6.7;Glass at dinner with girlfriend;Cool;Too sweet, not great;;5;;2015-08-15;
Palo Santo Marron;Dogfish Head;Strong Ale;Delaware;12;Bottle at dinner with girlfriend;Cool;Very boozy and sweet, but kind of weird;;5;;2015-08-17;
Henney's Vintage Still Cider;Henney's Cider;Apple Cider;England;6.5;Glass at dinner with girlfriend;Cool;Kind of nice, kind of odd;;6;;2015-08-21;
1881 Indigenous California Red Ale;Ruhstaller;Amber Ale;California;5.6;Glass at dinner with girlfriend;Cool;Decent;;6;;2015-08-18;
Lips of Faith Pear Ginger;New Belgium;Spice Beer;Colorado;7;Glass at dinner with girlfriend;Cool;Boozy, kind of weird but decent;;6;;2015-08-22;
Bios Vlaamse Bourgogne;Van Steenberge;Sour Red;Belgium;5.5;Bottle at dinner with girlfriend;Cool;Good;Really weird and off;5;;2015-08-24;
Prairie Standard;Prairie Artisian Ale;Saison Ale;Oklahoma;5.6;Bottle at dinner;Cool;Very hoppy but quite nice;;8;;2015-08-25;
Gouden Carolus Tripel;Het Anker;Tripel;Belgium;9;Bottle at dinner;Cool;Boozy, decent but not great;;6;;2015-08-26;
Drake's Aroma Coma IPA;Drake's Brewing Company;IPA;California;6.75;Bottle at desk;Cool;Extremely hoppy, hard to taste much else;;5;;2015-08-28;
Hitachio Nest Espresso Stout;Kiuchi Brewery;Stout;Japan;7.5;Bottle at desk;Cool;Decent;;6;;2015-08-30;
Kampai Smash;Rubicon;Amber Ale;California;6.7;Glass at bar with girlfriend;Cool;Pretty nice, sweet;;7;;2015-08-29;
Exquisite Kolsch;Ruhstaller;Kolsch;California;5;Bottle at dinner with girlfriend;Cool;Quite nice taste;;8;;2015-08-31;
Drake's Denogginizer;Drake's Brewing Company;Imperial IPA;California;9.75;Bottle at dinner with girlfriend;Cool;Decent;;7;;2015-09-01;
Calabaza Boreal;Anchorage Brewing Company;Saison Ale;Alaska;7;Bottle at dinner with girlfriend;Cool;Pretty nice;;7;;2015-09-02;
Anchorage Whiteout Wit Beer;Anchorage Brewing Company;Wit Beer;Alaska;8;Bottle at dinner with girlfriend;Cool;Nice and citrus;;8;;2015-09-03;
Anchor Meyer Lemon Lager;Anchor;Fruit Lager;California;4.5;Can while cooking;Cool;Okay but not great;;6;;2015-09-05;
Petrus Aged Pale;Bavik-De Bradendere;Sour Ale;Belgium;7.3;Bottle while cooking;Cool;Vinegary, not great;;5;;2015-09-05;
Long Table;New Belgium;Saison Ale;Colorado;6.2;Bottle at dinner with girlfriend;Cool;Meh;;5;;2015-09-07;
Brother Thelonious;North Coast;Strong Ale;California;9.4;Bottle at dinner;Cool;Too boozy, not great;;4;;2015-09-08;
Alameda Island Uncommon Common;Alameda Island;Traditional Ale;California;5.7;Glass at bar with girlfriend;Cool;Rather nice;;7;;2015-09-11;
Ol' Burro Favorable Stout;Golden Road;Stout;California;6.1;Can at desk;Cool;Pretty thin;;4;;2015-09-12;
Down To Earth;21st Amendment Brewery;Session IPA;California;4.4;Can at dinner with girlfriend;Cool;Not pleasant;;4;;2015-09-16;
Crispin Artisanal Reserve The Saint;Crispin Cider Company;Apple Cider;Minnesota;6.9;Glass in bed with girlfriend;Cool;Rather nice;;8;;2015-09-19;
Lucky Buddha;Lucky Drink Company;Pale Lager;China;4.8;Bottle in bed;Cool;A bit too sweet, otherwise boring lager;;5;;2015-09-20;
Strand Batch 100 Stout;Strand Brewing Company;Stout;California;7.5;Glass at dinner with girlfriend;Cool;Quite nice and rich;;8;;2015-09-21;
Abita Strawgator;Abita;Fruit Lager;Louisiana;8;Glass at dinner with girlfriend;Cool;Decent;;6;;2015-09-22;
Abita Andygator;Abita;Doppelbock;Louisiana;8;Glass at dinner with girlfriend;Cool;Decent taste;;7;;2015-09-23;
Echigo Koshihikari;Echigo;Rice Beer;Japan;5;Bottle in bed;Cool;Unremarkable but fine;;6;;2015-09-25;
BrightCider;2 Towns Ciderhouse;Apple Cider;Oregon;8;nd;Cool;Quite nice, crisp;;8;;2015-09-24;
Lagunitas Imperial Stout;Lagunitas;Imperial Stout;California;9.9;Glass at dinner with girlfriend;Cool;Rich, boozy;;8;;2015-09-25;
Ryan and the Beaster Bunny;Evil Twin;Saison Ale;New York;7;Glass at dinner with friends;Cool;Okay;;6;;2015-09-29;
Lost Coast Great White;Lost Coast;Wit Beer;California;4.8;Glass at dinner with girlfriend;Cool;Fine;;6;;2015-09-29;
Lagunitas Imperial Pils;Lagunitas;Imperial Pilsner;California;8.3;Bottle at dinner with girlfriend;Cool;Too hoppy, meh;;5;;2015-09-30;
Sierra Nevada Nooner Pilsner;Sierra Nevada;Pilsner;California;5.2;Bottle at desk;Cool;Don't care for it;;4;;2015-10-01;
William Sharvatt's London Velvet;Thomas Hardy Burtonwood;Porter;England;5;Glass at dinner with girlfriend;Cool;Pretty unpleasant;;3;;2015-10-01;
Echigo Premium Red Ale;Echigo;Amber Ale;Japan;5.5;Bottle at desk;Cool;Don't care for it;;4;;2015-10-02;
Spigha Cafe Ole;Spigha;Porter;Spain;6.5;Glass at bar with friend;Cool;Nice and rich;;8;;2015-10-04;
Hogan's Medium Cider;Hogan's Cider;Apple Cider;England;5.4;Glass at dinner with girlfriend;Cool;Meh;;5;;2015-10-04;
Nukin' Futz;Track 7;Porter;California;7.3;Glass at dinner with girlfriend;Cool;Decent, kind of sweet;;7;;2015-10-06;
Clown Shoes Miracle IPA;Clown Shoes;IPA;Massachusetts;5.5;Glass at dinner with friends;Cool;Meh;;5;;2015-10-07;
Abita SOS;Abita;Strong Pale Lager;Louisiana;7;Glass at dinner with girlfriend;Cool;Meh;;5;;2015-10-08;
Salty Scot;Parallel 49;Scotch Ale;British Columbia;7.5;Glass at desk;Cool;Don't like it;;4;;2015-10-09;
St. Amand French Country Ale;Castelian;Biere de Garde;France;5.9;Glass at dinner with girlfriend;Cool;Quite nice;;8;;2015-10-09;
Snakebite;T W Pitchers;Radler;California;5.1;Glass at party with friends;Cool;Decent sweetness fairly pleasant;;7;;2015-10-10;
Fortunate Island;Modern Times;Wheat Ale;California;4.8;Glass at party with friends;Cool;Orange but unpleasant;Kind of strange;5;;2015-10-10;
Okto Festival Ale;Widmer;Amber Ale;Oregon;5.3;Glass at party with friends;Cool;A little too sweet but overall nice;;6;;2015-10-10;
Grand-Am;Bear Republic;Pale Ale;California;6;Glass at party with friends;Cool;Fine but unremarkable;;6;;2015-10-10;
Mirror Pond Pale Ale;Deschutes Brewery;Pale Ale;Oregon;5;Bottle at party with friends;Cool;;;7;;2015-10-10;
Crooked Line Cockeyed Cooper;Uinta;Barley Wine;Utah;11.1;Glass at party with friends;Cool;Very nice;;8;;2015-10-10;
Old Boy Classic;Parallel 49;Brown Ale;British Columbia;5;Glass at dinner with girlfriend;Cool;Not great;;4;;2015-10-13;
Traquair House Ale;Traquair House;Scotch Ale;Scotland;7.2;Bottle at desk;Cool;Pretty rich but not fantastic;;7;;2015-10-14;
Crooked Line Labyrinth;Uinta;Imperial Porter;Utah;13.2;Glass at dinner with girlfriend;Cool;Very boozy, licorice, but not my favorite;;5;;2015-10-15;
Sidra Natural Bereziartua;Sidreria Bereziartua;Apple Cider;Spain;6;Glass at dinner with girlfriend;Cool;;;6;;2015-10-16;
Drake's Red Eye;Drake's Brewing Company;Amber Ale;California;6.5;Glass at dinner with friends;Cool;;;6;;2015-10-18;
Drake's Black Robusto;Drake's Brewing Company;Porter;California;6.3;Glass at dinner with friends;Cool;Pretty good, rich taste;;8;;2015-10-18;
Baba Black Lager;Uinta;Schwarzbier;Utah;4;Can at desk;Cool;Fine, not great;;6;;2015-10-18;
Hop Nosh IPA;Uinta;IPA;Utah;7.3;Can at dinner with girlfriend;Cool;Fine;;6;;2015-10-19;
Detour Double IPA;Uinta;Imperial IPA;Utah;9.5;Can at dinner with girlfriend;Cool;Too hoppy, meh;;5;;2015-10-19;
Cerveza Imperial;Florida Bebidas;Pale Lager;Costa Rica;4.6;Can at desk;Cool;Not great;;4;;2015-10-20;
Golden State Mighty Dry Cider;Golden State Cider;Apple Cider;California;6.9;Glass at dinner with girlfriend;Cool;Nice and tart;;8;;2015-10-21;
All Day IPA;Founders Brewing Company;Session IPA;Michigan;4.7;Can at desk;Cool;Very hoppy, meh;;4;;2015-10-23;
Hipster Ale;Evil Twin;Pale Ale;New York;5.5;Can at desk;Cool;Hoppy, unbalanced, don't care for it;;4;;2015-10-24;
Dirty Bastard;Founders Brewing Company;Scotch Ale;Michigan;8.5;Bottle at desk;Cool;Quite nice and rich, licorice taste;;9;;2015-10-25;
Bordelet Sidre Tendre;Cidriculteur Eric Bordelet;Apple Cider;France;4;Glass at dinner with girlfriend;Cool;Sweet, fine but not great;;6;;2015-11-13;
J.K.'s Scrumpy Orchard Gate Hard Cider;Almar Orchards;Apple Cider;Michigan;6;Can at dinner with girlfriend;Cool;Sweet and balanced, very nice;;8;;2015-11-10;9
Captain Stout;Alpine Beer Company;Stout;California;6;Glass at bar with friend;Cool;A little thin;;6;;2015-11-08;
Woodfour Sour Farmhouse;Woodfour;Sour Ale;California;4.75;Glass at bar with friend;Cool;Pretty nice taste;;8;;2015-11-08;
J.K.'s Northern Neighbour;Almar Orchards;Apple Cider;Michigan;5.5;Can at dinner with girlfriend;Cool;A little too sweet but overall nice;;7;;2015-11-20;
Founder's Porter;Founders Brewing Company;Porter;Michigan;6.5;Bottle at dinner with girlfriend;Cool;Kind of thin, meh;;4;;2015-11-24;
Upslope Blood Orange Saison;Upslope Brewing Comany;Saison Ale;Colorado;6;Glass at dinner with friends;Cool;Not particularly interesting;;5;;2015-11-27;
Toaster Pastry;21st Amendment Brewery;IPA;California;7.6;Can at dinner;Cool;Pretty unpleasant hops and sweetness;;4;;2015-12-06;
Sonoma Farmhouse Hop Stoopid;Lagunitas;Imperial IPA;California;8;Glass at dinner with girlfriend;Cool;Very hoppy, not my preference;;5;;2015-12-21;
Possmann Pure Cider;Kelterei Possman;Apple Cider;Germany;5;Glass at dinner with girlfriend;Cool;Fine, not too remarkable;;6;;2015-12-18;
Red Betty Spiced Pumpkin Ale;Central City;Spiced Ale;British Columbia;5;Glass at dinner with girlfriend;Cool;Did not care for this;;3;;2015-12-17;
Apricot Blonde Sour;BarrelHouse Brewing Company;Wild Ale;California;6.7;Glass at dinner with girlfriend;Cool;Pretty decent sour but not fantastic;;7;;2015-12-12;
Devoto Cidre Noir;Devoto Orchards;Apple Cider;California;6.9;Glass at party with friends;Cool;Not that nice of a cider;;4;;2015-12-05;
Salted Caramel Brownie Brown Ale;New Belgium;Brown Ale;Colorado;6.25;Bottle at party with friends;Cool;Meh, not that nice;;4;;2015-12-05;
1976 Cider;Devoto Orchards;Apple Cider;California;6.9;Glass at dinner with girlfriend;Cool;I don't particularly care for it;;4;;2015-12-09;
Thistly Cross Whisky Cask;Thistly Cross Cider;Apple Cider;Scotland;6.9;Bottle;Cool;A bit too sweet, but okay;;6;;2015-11-10;
Punkin Ale;Dogfish Head;Spiced Ale;Delaware;7;Bottle;Cool;Pleasant and rich taste, kind of nutty;;8;;2015-11-12;
Sixty-One;Dogfish Head;Fruit Ale;Delaware;6.5;Bottle;Cool;Fairly nice;;7;;2015-11-15;
Bikini Beer;Evil Twin;Saison Ale;New York;2.7;Can;Cool;;;4;;2015-11-17;
Amager Rugporter;Amager Bryghus;Imperial Porter;Denmark;8.5;Bottle at dinner;Cool;Weird sweetness;;3;;2015-12-02;
Scarletts Red Rye Ale;Speakeasy;Specialbeer;California;5.5;Bottle at party with girlfriend;Cool;Don't like it;;4;;2015-12-24;
Briney Melon Gose;Anderson Valley;Gose;California;4.2;Glass at party with girlfriend;Cool;Interesting sour taste;;8;;2015-12-25;
Uerige Doppelsticke;Uerige Obergaerige Hausbrauerei;Altbier;Germany;8.5;Glass at restaurant with friends;Cool;;;7;;2015-12-26;
Sur Amarillo;To Ol;Sour Ale;Denmark;7.5;Bottle at bed with girlfriend;Cool;Initially was very nice, but got worse and worse and I drank;Very weird;4;;2015-12-26;
HaandBryggeriet Haandbakk;HaandBryggeriet;Sour Red;Norway;8;Glass at dinner with girlfriend;Cool;Sweet, nice sourness;Slightly odd;7;;2015-12-28;
The Sauce;Ruhstaller;Porter;California;6.5;Glass at dinner with girlfriend;Cool;Pretty rich and decent;;7;;2016-01-01;
33 Export;Tien Giang;Pale Lager;Vietnam;4.8;Glass at dinner with girlfriend;Cool;Usual pointless pale lager;;4;;2016-01-02;
Desire;Moonlight Meadery;Mead;New Hampshire;16.7;Glass at dinner with girlfriend;Cool;Interesting but way too sweet;;5;;2016-01-01;
Bomb!;Prairie Artisian Ale;Imperial Stout;Oklahoma;13;Bottle while cooking;Cool;Decent but not my favorite;;6;;2016-01-04;
Coffee Okie;Prairie Artisian Ale;Brown Ale;Oklahoma;13;Bottle in bed;Cool;Not my favorite, meh;;5;;2016-01-05;
NV Imperial Apple Cider;Blacksmith Cellars;Apple Cider;California;7;Glass at dinner with girlfriend;Cool;Weird taste, not nice;;4;;2016-01-07;
Control Alt Delete;Alamenda Island;Altbier;California;5.5;Glass at dinner with girlfriend;Cool;Fine, very beery;;6;;2016-01-08;3
FoxCraft Hard Cider (Pear);FoxCraft Hard Cider;Pear Cider;California;6.5;Glass at dinner with girlfriend;Cool;Pretty nice and pleasant;;7;;2016-01-09;
Higher Math;Dogfish Head;Strong Ale;Delaware;17;Glass at dinner with girlfriend;Cool;Nice sweetness, pretty interesting and full;;7;;2016-01-14;
Red Racer Imperial IPA;Central City;Imperial IPA;British Columbia;9;Glass at dinner with girlfriend;Cool;Overly hoppy and unpleasant;;4;;2016-01-20;
Tangerine Wheat;Lost Coast;Fruit Ale;California;5.5;Bottle at dinner;Cool;Very tangerine, okay otherwise;;6;;2016-01-22;
Bridge Spanners Gose;Iron Springs;Gose;California;;Glass at bar with friend;Cool;Slight gose, but not much taste;;5;;2016-01-24;
Witty Monk;Marin Brewing Company;Wit Beer;California;5.2;Glass at bar with friend;Cool;Okay, not too interesting;;6;;2016-01-24;
Weisse Edict;Ale Industries;Strong Ale;California;8;Glass at bar with friend;Cool;Too much cinnamon, not pleasant;;4;;2016-01-24;
Skully 36;Paradox Beer Company;Wild Ale;Colorado;7.5;Glass at bar with friend;Cool;Kind of weird coconut taste;;5;;2016-01-28;
Skully 29;Paradox Beer Company;Wild Ale;Colorado;7.6;Glass at bar with friend;Cool;Very nice tamarind;;7;;2016-01-28;
Skully 35;Paradox Beer Company;Wild Ale;Colorado;8;Glass at bar with friend;Cool;Not much plum taste;;6;;2016-01-28;
Trois Ans Anniversary Sour;Paradox Beer Company;Wild Ale;Colorado;8;Glass at bar with friend;Cool;Sour but okay;;6;;2016-01-28;
Citradelic;New Belgium;IPA;Colorado;6;Glass at bar with friend;Cool;Too hoppy, meh;;4;;2016-01-28;
Batch 43;Cleophus Quealy;Saison Ale;California;;Glass at bar with friend;Cool;;;4;;2016-01-28;
Batch 63;Cleophus Quealy;White Ale;California;;Glass at bar with friend;Cool;Nice citrus, good taste;;8;;2016-01-28;
Witney;Sierra Nevada;Saison Ale;California;5.4;Glass at bar with friends;Cool;Not much taste, little hibiscus, meh;;5;;2016-01-29;
Peach de Brettaville;Almanac Beer Company;Saison Ale;California;6.5;Glass at bar with friends;Cool;Nice sourness;;8;;2016-01-29;
Barrel Aged Ovila;Sierra Nevada;Dubbel;California;7.5;Glass at bar with friends;Cool;Pretty decent, full taste;;7;;2016-01-29;
Trader Jose Dark Premium Lager;Grupo Modelo;Amber Lager;Mexico;5.3;Bottle at dinner;Cool;Not bad, decent sweetness;;6;;2016-02-02;
The Hatchet;Sonoma Cider;Apple Cider;California;6;Glass at dinner with girlfriend;Cool;Decent balance, nice sweetness;;6;;2016-02-04;
Trader Jose Premium Lager;Grupo Modelo;Pale Lager;Mexico;3.8;Bottle at home;Cool;Not pleasant;;4;;2016-02-08;
Pere Jacques;Goose Island;Dubbel;Illinois;8.7;Glass at dinner with girlfriend;Cool;Pretty rich, somewhat boozy;;7;;2016-02-10;
Shacksbury Basque;Shacksbury;Apple Cider;Vermont;6.2;Glass at bar with friends;Cool;Meh, not particularly great;;5;;2016-02-12;
As Follows;Stillwater;Strong Ale;Maryland;9;Glass at bar with friends;Cool;Pretty nice;;7;;2016-02-12;
Concomitant;Sante Adairius;Saison Ale;California;5.5;Glass at bar with friends;Cool;;;5;;2016-02-12;
Great White;Lost Coast;Wit Beer;California;4.8;Bottle in bed;Cool;Fine but not too interesting;;6;;2016-02-15;
LA 31 Biere Noire;Bayou Teche Brewery;Porter;Louisiana;4.8;Bottle with friends;Cool;;;7;;2016-02-18;
Strawberry Harvest Lager;Abita;Fruit Lager;Louisiana;4.2;Glass with girlfriend;Cool;Decent;;6;;2016-02-18;9
Otra Vez;Sierra Nevada;Gose;California;4.5;Unknown;Cool;;;7;;2016-02-18;
NOLA Blonde Ale;NOLA;Blond Ale;Louisiana;4.9;Glass at bar with girlfriend;Cool;;;5;;2016-02-19;
NOLA Lowerline;NOLA;Sour Ale;Louisiana;3.5;Glass at bar with girlfriend;Cool;Fine as a sour, but not a lot of flavor;;8;;2016-02-19;
NOLA Flambeau Red Ale;NOLA;Amber Ale;Louisiana;5.7;Glass at bar with girlfriend;Cool;Hoppy, I'm mixed;;5;;2016-02-19;
NOLA Muses;NOLA;Belgian Ale;Louisiana;4.4;Glass at bar with girlfriend;Cool;Hoppy, okay;;6;;2016-02-19;
NOLA Against the Currant;NOLA;Sour Ale;Louisiana;4.5;Glass at bar with girlfriend;Cool;Very nice sourness, with good balance;;9;;2016-02-19;
NOLA Peach Mango Mecha;NOLA;Dubbel;Louisiana;8.8;Glass at bar with girlfriend;Cool;Too hoppy, I'm not a fan;;4;;2016-02-19;
NOLA Cherry Blonde;NOLA;Blond Ale;Louisiana;5;Glass at bar with girlfriend;Cool;Okay, not too remarkable but drinkable;;6;;2016-02-19;
NOLA Mulberry Wheat;NOLA;Wheat Ale;Louisiana;4.5;Glass at bar with girlfriend;Cool;Pretty nice;;7;;2016-02-19;
NOLA Girl Scout Cookie;NOLA;Stout;Louisiana;6.8;Glass at bar with girlfriend;Cool;Pretty boozy, very dark;;5;;2016-02-19;
Borg Garun Icelandinc Stout Nr. 19;Borg Brugghus;Imperial Stout;Iceland;11.5;Glass at dinner with girlfriend;Cool;Boozy, not pleasant;;4;;2016-03-05;
Beer Geek Breakfast;Mikkeller;Stout;Norway;7.5;Glass at dinner with girlfriend;Cool;I really didn't like it, very unpleasant hops and booze;;3;;2016-03-19;
Orange Splash;Anchor;Fruit Lager;California;5.2;Can;Cool;Meh;;5;;2016-04-02;
Beer to Drink Music To;Dogfish Head;Tripel;Delaware;9;Glass at desk;Cool;Okay but not great;;6;;2016-04-06;
Austin Eastciders Original Dry Cider;Austin Eastciders;Apple Cider;Texas;4.8;Glass;Cool;Decent dry and tart;;7;;2016-04-10;
Pearl Beer;Miller;Pale Lager;Texas;;Can;Cool;Drinkable, but unremarkable;;6;;2016-04-09;
Hitachio Nest Anbai Ale;Kiuchi Brewery;Fruit Ale;Japan;7.5;Glass at desk;Cold;Nice taste, good sweetness and tartness;;8;;2016-04-10;
Mission Trail Perry;Mission Trail;Pear Cider;California;6;Glass at dinner with girlfriend;Cool;Good tartness;;8;;2016-04-13;
Brunch Weasel;Mikkeller;Imperial Stout;Norway;10.9;Glass at dinner with girlfriend;Cool;Not pleasant;;4;;2016-04-19;
Terrapin Golden Ale;Terrapin Beer Company;Cream Ale;Georgia;5.3;Glass at dinner with friends;Cool;Meh, not that nice;;5;;2016-04-22;
Slap Flight;Monday Night Brewing;IPA;Georgia;5.8;Can in bed;Cool;Hoppy, not my style;;4;;2016-04-23;
Westbrook Gose;Westbrook Brewing;Gose;South Carolina;4;Can in bed;Cool;Quite nice sourness, good taste;;8;;2016-04-23;
Maggie's Peach Farmhouse Ale;Terrapin Beer Company;Fruit Ale;Georgia;5.3;Can in bed with girlfriend;Cool;Not really any peach, not great;;4;;2016-04-23;
Athena;Creature Comforts;Berliner Weissbier;Georgia;4.5;Can in bed with girlfriend;Cool;Nice sourness but weird aftertaste;;5;;2016-04-23;
Atalanta Tart Plum Saison;Orpheus Brewing;Sour Ale;Georgia;5.3;Can in bed with girlfriend;Cool;Okay sourness, not too remarkable;;6;;2016-04-23;
Lyric Ale;Orpheus Brewing;Saison Ale;Georgia;6.5;Can in bed with girlfriend;Cool;Decent, drinkable;;6;;2016-04-23;
Brooks Dry Cider;Brooks Cider;Apple Cider;California;6;Glass at dinner with girlfriend;Cool;Nice tartness with sweet aftertaste;;7;;2016-05-04;7
Golden State of Mind;Ale Industries;Wit Beer;California;4.4;Glass at dinner with girlfriend;Cool;Not a fan, not much taste;;4;;2016-05-05;
FarmSide;Uinta;Saison Ale;Utah;5.6;Bottle at dinner with girlfriend;Cool;Meh;;5;;2016-05-10;
Hibiscus Saison;Common Cider Company;Apple Cider;California;6.5;Glass at dinner with girlfriend;Cool;Okay, weird aftertaste;;6;;2016-05-20;7
Gose Gone Wild;Stillwater;Gose;Maryland;4.3;Glass at desk;Cool;Good sourness, quite pleasant;;8;;2016-06-06;
Sea Haggis;Alameda Island;Scotch Ale;California;8;Glass at bar with girlfriend;Cool;Good whiskey start, weird aftertaste;;5;;2016-06-17;4
Neptune's Pale Ale;Alameda Island;Pale Ale;California;4.9;Glass at bar with girlfriend;Cool;Citrusy, light;;6;;2016-06-17;5
Doolittle;Alameda Island;Red Ale;California;;Glass at bar with girlfriend;Cool;Very hoppy, weird;;4;;2016-06-17;3
Gomez Norton Rye Ale;Alameda Island;Rye Ale;California;;Glass at bar with girlfriend;Cool;Pretty smooth, decent;;6;;2016-06-17;5
Tokyo Black Porter;YoHo;Porter;Japan;5;Can at desk;Cool;Decent but not remarkable;;6;;2016-06-19;
Saison Du Japon;Kuichi;Saison Ale;Japan;5;Bottle at dinner;Cool;Decent but not remarkable;;6;;2016-06-19;
Suiyoubi No Neko;YoHo;Wit Beer;Japan;4.5;Can at dinner;Cool;Pretty decent;;6;;2016-06-22;
J.K.'s The Pair;Almar Orchards;Perry;Michigan;5.5;Glass at dinner with girlfriend;Cool;Weird aftertaste;;5;;2016-06-22;7
January Barbecue Smoked Cider;Tilted Shed;Apple Cider;California;8;Glass at dinner with girlfriend;Cool;Not pleasant;;4;;2016-07-02;4
Aecht Schlenkerla Eiche Doppelbock;Braueri Heller;Smoked Lager;Germany;8;Glass at dinner with girlfriend;Cool;Sickly sweet, not nice;;5;;2016-07-03;
Sorry Session Yuzu Ale;YoHo;Fruit Ale;Japan;4;Can in bed;Cool;Nice smell, little taste but salt;;4;;2016-07-11;3
Sparkling Perry;Tieton Cider Works;Pear Cider;Washington;5.5;Glass at dinner with girlfriend;Cool;Not great;;4;;2016-07-20;
GT Gose;Anderson Valley;Gose;California;4.2;Glass;Cool;Okay, but very little flavor;;6;;2016-07-26;
FunSponge;Solid Oath Brewery;Belgian Ale;Illinois;4.8;Unknown;Cool;Decent bite, not bad;;6;;2016-08-26;
Three Orange Wit;All Rise;Wit Beer;Illinois;7.2;Unknown;Cool;Meh, not something I'd order again;;5;;2016-08-26;
Edmund Fitzgerald Porter;Great Lakes Brewing;Porter;Ohio;5.8;Unknown;Cool;;Kind of weird;4;;2016-08-26;
Restless Years;Temperance;American Pale Ale;Illinois;5.8;Can;Cool;Nice rich taste;;7;;2016-08-26;4
Whale Tail Pale Ale;Whale Tale;American Pale Ale;Maine;;Glass;Cool;Decent taste;;7;;2016-08-26;
Puffing Billy;Around the Bend;Brown Ale;Illinois;6.9;Unknown;Cool;Nice chocolate taste;;8;;2016-08-26;6
Panda Bear;Thirsty Bear;Herb Beer;California;4.5;Glass with friends;Cool;Interesting but weird sweetness;;6;;2016-09-30;
Phantom Carriage Muis;Phantom Carriage;Sour Ale;California;6.8;Unknown;Cool;Earthy, not very sour, kind of hoppy/soapy.;;6;;2016-11-11;
Anthem Cherry Cider;Wandering Aengus Ciderworks;Apple Cider;Oregon;6.2;Unknown;Cool;Nice and tart, good level of sweetness;;8;;2016-11-11;
Rodenbach Grand Cru;Brouwerij Rodenbach;Sour Red;Belgium;6;Unknown;Cool;Lightly sour, pretty decent;;8;;2016-12-25;
Lagunitas Cappuccino Stout;Lagunitas;Imperial Stout;California;9.3;Unknown;Cool;Okay, mild coffee;;6;;2016-12-25;
Summer Solstice;Anderson Valley;Herb Beer;California;5;Unknown;Cool;Decent taste;;8;;2017-05-06;
Saison du Buff;Dogfish Head;Herb Beer;Delaware;6.8;Unknown;Cool;Weird herbal taste;;5;;2017-05-06;
Los Gigantes;Anchor;Amber Lager;California;4.6;Unknown;Cool;Decent;;6;;2017-05-06;
Cali Creamin;Mother Earth;Cream Ale;California;5.2;Unknown;Cool;Weird nitro taste;;5;;2017-05-06;
Rainier Beer;Pabst Brewing Company;Pale Lager;California;4.6;Can;Cool;Okay for a pale lager;;6;;2017-05-12;
Double Mountain Dry Cider;Double Mountain;Apple Cider;Oregon;6.7;Glass with friends at bar;Cool;Decent;;7;;2017-05-13;
Saison Ventoux;Double Mountain;Saison Ale;Oregon;5;Glass with friends at bar;Cool;Meh, weird aftertaste;;5;;2017-05-13;
SeaQuench Ale;Dogfish Head;Gose;Delaware;4.9;Glass with friends at bar;Cool;Decent sour taste, quite pleasant;;8;;2017-05-15;
Tart of Darkness;The Bruery;Sour Ale;California;7.1;Glass with friends at bar;Cool;Fruity, tasty;;8;;2017-05-15;
Bayern Montana Helles Lager;Bayern Brewing;Helles Lager;Montana;5.6;Glass with wife at bar;Cool;Plain but perfectly drinkable;;7;;2017-06-25;
Outlaw Goeman's Gold Honey Lemon Ginger Braggot;Outlaw;Mead;Montana;6.6;Glass with wife at bar;Cool;Very gingery, a bit overwhelmingly;;6;;2017-06-25;
Blood Orange Hefeweizen;White Dog;Hefeweizen;Montana;5;Glass with wife at bar;Cool;Tasty though a weird undertone;;6;;2017-06-25;
Gowans Macintosh Heirloom Cider;Gowans Cider and Orchards;Apple Cider;California;6.8;Glass with friends at bar;Cool;Kind of thin;;5;;2018-01-29;
Dragon's Milk Reserve Mocha Mint;New Holland;Imperial Stout;Michigan;11;Glass with friends at bar;Cool;Really nice balance, tasty and filling;;9;;2018-01-29;
Ros Sour;Almanac Beer Company;Sour Ale;California;8.7;Glass at bar;Cool;Pretty nice;Slightly weird;8;;2018-05-10;
Blueberry Jack;Almanac Beer Company;Sour Ale;California;6.8;Glass at bar;Cool;Kind of hoppy, decent level of sour;;6;;2018-05-10;
Wit in the Woods;Almanac Beer Company;Wit Beer;California;5.2;Glass with wife at bar;Cool;Very hoppy, a little offputting;;5;;2018-05-12;
Summer in the City;Almanac Beer Company;Sour Ale;California;6.6;Glass with wife at bar;Cool;Nice sour, good balance;;8;;2018-05-12;
Man Overboard;Side Launch;Imperial Stout;Ontario;9;Glass with wife at bar;Cool;Very nice stout, coffee taste;;9;I'm a little unsure this is the right one;2018-05-12;
Peach Galaxy;Almanac Beer Company;Sour Ale;California;7.5;Glass with wife at bar;Cool;Pretty good, tart;;7;;2018-05-12;
Nectarine Cobbler;Almanac Beer Company;Sour Ale;California;6.5;Glass with wife at bar;Cool;Spiced taste, good sour;;7;;2018-05-12;
Sunshine and Opportunity;Almanac Beer Company;Saison Ale;California;6.3;Glass with wife at bar;Cool;Decent sour;Very weird aftertaste;5;;2018-05-12;
Half Penny;Freewheel;Mild Pale;California;;Glass with family at bar;Cool;Pretty mild, nice taste;;7;;2018-05-19;
I Know Nothing;Boomtown;Maibock;California;7.7;Glass with family at bar;Cool;Pretty solid, good beer;;7;;2018-05-19;
Stoked Scrumpy;Stoked Cider Company;Apple Cider;California;6.9;Unknown;Cool;Kind of thin and uninteresting;;5;;2018-06-01;
Pacific Pineapple;2 Towns Ciderhouse;Pineapple Cider;Oregon;5;Unknown;Cool;Not remarkable, but drinkable;;6;;2018-07-13;
Or Xata;The Bruery;Blond Ale;California;7.2;Glass with wife with food;Cool;Good, can taste the horchata spices;Kind of strange;6;;2018-07-22;
